ID,TITLE,PARENTID
PKPLHR1,Abdul Karim Road,PKP246
PKPLHR2,Shaheen Complex,PKP246
PKPLHR3,Block A,PKP247
PKPLHR4,Block B,PKP247
PKPLHR5,Block C,PKP247
PKPLHR6,Askari 1,PKP248
PKPLHR7,Askari 10,PKP248
PKPLHR8,Askari 11,PKP248
PKPLHR9,Askari 2,PKP248
PKPLHR10,Askari 3,PKP248
PKPLHR11,Askari 5,PKP248
PKPLHR12,Askari 8,PKP248
PKPLHR13,Askari 9,PKP248
PKPLHR14,Badami Bagh,PKP249
PKPLHR15,Badami Bagh Auto Market,PKP249
PKPLHR16,Data Nagar,PKP249
PKPLHR17,Farooq Gunj,PKP249
PKPLHR18,Fruit Market,PKP249
PKPLHR19,Lari Adda,PKP249
PKPLHR20,Baghbanpura G T Road,PKP250
PKPLHR21,Karol Ghati,PKP250
PKPLHR22,Madina Colony,PKP250
PKPLHR23,Sehar Road,PKP250
PKPLHR24,Shalamar Bagh,PKP250
PKPLHR25,Shawala Chowk,PKP250
PKPLHR26,Younuspura,PKP250
PKPLHR27,Akhtar Saeed Medical and Dental College,PKP251
PKPLHR28,Akhtar Saeed Medical Hostel,PKP251
PKPLHR29,Ali Block,PKP251
PKPLHR30,Awais Qarni Block,PKP251
PKPLHR31,Babar Block,PKP251
PKPLHR32,Bahria Grand Mosque,PKP251
PKPLHR33,Bahria Homes,PKP251
PKPLHR34,Chambelli Block,PKP251
PKPLHR35,Executive Lodges,PKP251
PKPLHR36,Gardenia Block,PKP251
PKPLHR37,Ghori Block,PKP251
PKPLHR38,Gulbahar Block,PKP251
PKPLHR39,Gulmohar Block,PKP251
PKPLHR40,Hussain Block,PKP251
PKPLHR41,Iqbal Block,PKP251
PKPLHR42,Iris Block,PKP251
PKPLHR43,Jasmine Block,PKP251
PKPLHR44,Johar Block,PKP251
PKPLHR45,Juniper Block,PKP251
PKPLHR46,Meadows Block,PKP251
PKPLHR47,Nargis Block,PKP251
PKPLHR48,New Shaheen Block,PKP251
PKPLHR49,Nishter Block,PKP251
PKPLHR50,Overseas A,PKP251
PKPLHR51,Overseas AA,PKP251
PKPLHR52,Overseas BB,PKP251
PKPLHR53,Overseas B Extension,PKP251
PKPLHR54,Overseas CC,PKP251
PKPLHR55,Quaid-e-Azam Block,PKP251
PKPLHR56,Safari Block,PKP251
PKPLHR57,Shaheen Block,PKP251
PKPLHR58,Spring Block,PKP251
PKPLHR59,Takbeer Block,PKP251
PKPLHR60,Tulip Block,PKP251
PKPLHR61,Tulip Extension,PKP251
PKPLHR62,Umer Block,PKP251
PKPLHR63,Usman Block,PKP251
PKPLHR64,Bao Wala,PKP252
PKPLHR65,Green City,PKP252
PKPLHR66,Imperial Garden,PKP252
PKPLHR67,Mahfooz Shaheed Garrison,PKP252
PKPLHR68,Paragon City,PKP252
PKPLHR69,Al Rehman Garden Phase 3,PKP253
PKPLHR70,Attoke Awan,PKP253
PKPLHR71,Bata Colony,PKP253
PKPLHR72,Bata Pur,PKP253
PKPLHR73,Dograe Kalan,PKP253
PKPLHR74,Jallo More Bazar,PKP253
PKPLHR75,Qazi Town,PKP253
PKPLHR76,Block A,PKP254
PKPLHR77,Block B,PKP254
PKPLHR78,Block C,PKP254
PKPLHR79,Block A,PKP255
PKPLHR80,Block B,PKP255
PKPLHR81,Block C,PKP255
PKPLHR82,Block D,PKP255
PKPLHR83,Block A,PKP256
PKPLHR84,Block AA,PKP256
PKPLHR85,Block B,PKP256
PKPLHR86,Block C,PKP256
PKPLHR87,Block D,PKP256
PKPLHR88,Block E,PKP256
PKPLHR89,Block F,PKP256
PKPLHR90,Block G,PKP256
PKPLHR91,Block H,PKP256
PKPLHR92,Abdulrehman Road Lahore Cantt,PKP257
PKPLHR93,Abid Majeed Road Lahore Cantt,PKP257
PKPLHR94,Arif Jan Road Lahore Cantt,PKP257
PKPLHR95,Asad Jan Road Lahore Cantt,PKP257
PKPLHR96,Aziz Bhatti Road Lahore Cantt,PKP257
PKPLHR97,Bagh Ali Road Lahore Cantt,PKP257
PKPLHR98,CMH,PKP257
PKPLHR99,Khursheed Alam Road Cantt,PKP257
PKPLHR100,Munir Road Lahore Cantt,PKP257
PKPLHR101,R.A Bazar,PKP257
PKPLHR102,Sadar Cantt,PKP257
PKPLHR103,Sarfraz Rafiqui Road,PKP257
PKPLHR104,Sarwar Colony,PKP257
PKPLHR105,Sarwar Road Lahore Cantt,PKP257
PKPLHR106,Shami Road Lahore Cantt,PKP257
PKPLHR107,Tariq Road Lahore Cantt,PKP257
PKPLHR108,Tufail Road Lahore Cantt,PKP257
PKPLHR109,Zafar Road Lahore Cantt,PKP257
PKPLHR110,Chaburji,PKP258
PKPLHR111,Chaburji Park,PKP258
PKPLHR112,P&T Colony,PKP258
PKPLHR113,Rajghar,PKP258
PKPLHR114,Rewarz Garden,PKP258
PKPLHR115,Shamnagar,PKP258
PKPLHR116,Chung Adda,PKP259
PKPLHR117,Chung Police Training Center,PKP259
PKPLHR118,Loharan Wala Kho,PKP259
PKPLHR119,Ahmad Nagar,PKP260
PKPLHR120,Baghriyan,PKP260
PKPLHR121,Mateen Avenue,PKP260
PKPLHR122,Oqaf Colony,PKP260
PKPLHR123,Revenue Society,PKP260
PKPLHR124,Sheraz Town,PKP260
PKPLHR125,Band Road Bassi Mor,PKP261
PKPLHR126,Bilal Park,PKP261
PKPLHR127,Handu Gujjar,PKP261
PKPLHR128,Mehmood Booti,PKP261
PKPLHR129,Mehmood Buti Interchange,PKP261
PKPLHR130,Nadia Ghee Mills,PKP261
PKPLHR131,Naqsh Bandi Bazar,PKP261
PKPLHR132,Sunny Biscuit Factory,PKP261
PKPLHR133,Davis Road,PKP262
PKPLHR134,Ali Park Bedian Road,PKP263
PKPLHR135,Cantt View,PKP263
PKPLHR136,Elite Town,PKP263
PKPLHR137,KB Colony,PKP263
PKPLHR138,Nishat Colony,PKP263
PKPLHR139,State Life Society,PKP263
PKPLHR140,Sui Gas Society,PKP263
PKPLHR141,Descon Workshop,PKP264
PKPLHR142,DHA Rehber Phase 11,PKP264
PKPLHR143,Dream Garden,PKP264
PKPLHR144,Haloki,PKP264
PKPLHR145,Khayban-e-Amin,PKP264
PKPLHR146,Labour Colony,PKP264
PKPLHR147,University of Lahore,PKP264
PKPLHR148,US Apparel,PKP264
PKPLHR149,Ali Park Bedian Road,PKP265
PKPLHR150,Bankers Society,PKP265
PKPLHR151,Cantt View,PKP265
PKPLHR152,Elite Town,PKP265
PKPLHR153,Formanites Housing Society,PKP265
PKPLHR154,HBFC Housing Society,PKP265
PKPLHR155,Iqbal Park,PKP265
PKPLHR156,KB Colony,PKP265
PKPLHR157,New Iqbal Park,PKP265
PKPLHR158,New Super Town,PKP265
PKPLHR159,Nishat Colony,PKP265
PKPLHR160,Pace Woodlands,PKP265
PKPLHR161,Phase 1,PKP265
PKPLHR162,Phase 2,PKP265
PKPLHR163,Phase 3,PKP265
PKPLHR164,Phase 4,PKP265
PKPLHR165,Phase 5,PKP265
PKPLHR166,Phase 6,PKP265
PKPLHR167,Phase 7,PKP265
PKPLHR168,Phase 8,PKP265
PKPLHR169,Phase 9,PKP265
PKPLHR170,State Life Society,PKP265
PKPLHR171,Sui Gas Society,PKP265
PKPLHR172,Super Town,PKP265
PKPLHR173,Chubacha Phatak,PKP266
PKPLHR174,Dharampura,PKP266
PKPLHR175,Gulistan Colony,PKP266
PKPLHR176,Infantry Road,PKP266
PKPLHR177,Mian Meer Colony,PKP266
PKPLHR178,Military Account Colony,PKP266
PKPLHR179,Canal Villas,PKP267
PKPLHR180,Lane Villas 1,PKP267
PKPLHR181,Lane Villas 2,PKP267
PKPLHR182,Palace Villas,PKP267
PKPLHR183,Block A,PKP268
PKPLHR184,Block B,PKP268
PKPLHR185,Block C,PKP268
PKPLHR186,Block D,PKP268
PKPLHR187,Awan-e-Iqbal,PKP269
PKPLHR188,Cooper Road,PKP269
PKPLHR189,Kashmir Road,PKP269
PKPLHR190,Block A,PKP270
PKPLHR191,Block B,PKP270
PKPLHR192,Block C,PKP270
PKPLHR193,Block D,PKP270
PKPLHR194,Block E,PKP270
PKPLHR195,Block F,PKP270
PKPLHR196,Block G,PKP270
PKPLHR197,Block H,PKP270
PKPLHR198,Block J,PKP270
PKPLHR199,Muhammad Nagar,PKP271
PKPLHR200,Nicholson Road,PKP271
PKPLHR201,Police Line,PKP271
PKPLHR202,Qila Gujjar Singh,PKP271
PKPLHR203,Railway Head Quarter,PKP271
PKPLHR204,Phase 1,PKP272
PKPLHR205,Phase 3 Block A,PKP272
PKPLHR206,Phase 3 Block A 1,PKP272
PKPLHR207,Phase 3 Block A 2,PKP272
PKPLHR208,Phase 3 Block A 3,PKP272
PKPLHR209,Phase 3 Block B,PKP272
PKPLHR210,Phase 3 Block B 1,PKP272
PKPLHR211,Phase 3 Block B 2,PKP272
PKPLHR212,Phase 3 Block B 3,PKP272
PKPLHR213,Phase 3 Block C,PKP272
PKPLHR214,Phase 3 Block C 1,PKP272
PKPLHR215,Phase 3 Block C 2,PKP272
PKPLHR216,Phase 3 Block C 3,PKP272
PKPLHR217,Phase 3 Block D,PKP272
PKPLHR218,Phase 3 Block D 1,PKP272
PKPLHR219,Phase 3 Block D 2,PKP272
PKPLHR220,Phase 3 Block E,PKP272
PKPLHR221,Phase 3 Block E 1,PKP272
PKPLHR222,Phase 3 Block E 2,PKP272
PKPLHR223,Phase 3 Block E 3,PKP272
PKPLHR224,Phase 3 Block E 4,PKP272
PKPLHR225,Phase 3 Block E 5,PKP272
PKPLHR226,Block A,PKP273
PKPLHR227,Block B,PKP273
PKPLHR228,Block C,PKP273
PKPLHR229,Block C 1,PKP273
PKPLHR230,Block D,PKP273
PKPLHR231,GOR 5,PKP273
PKPLHR232,H.B.F.C Society,PKP273
PKPLHR233,Anum Road,PKP274
PKPLHR234,Asif Town,PKP274
PKPLHR235,Attari Industial Area,PKP274
PKPLHR236,Attari Saroba,PKP274
PKPLHR237,Awan Market,PKP274
PKPLHR238,Bank Stop,PKP274
PKPLHR239,Chandrai Road,PKP274
PKPLHR240,Chungi Amar Sidhu,PKP274
PKPLHR241,Descon,PKP274
PKPLHR242,Dhulu Khurd,PKP274
PKPLHR243,Gajumata,PKP274
PKPLHR244,General Hospital,PKP274
PKPLHR245,Glaxo Town,PKP274
PKPLHR246,Green Caps,PKP274
PKPLHR247,Hamza Town,PKP274
PKPLHR248,Ichrah,PKP274
PKPLHR249,Kacha Jail Road,PKP274
PKPLHR250,Nishtar Colony,PKP274
PKPLHR251,Oqaf Colony,PKP274
PKPLHR252,Qainchi,PKP274
PKPLHR253,Qasori Road,PKP274
PKPLHR254,Rohi Nala Industrial,PKP274
PKPLHR255,Saroba Gardens,PKP274
PKPLHR256,Sattelite Town,PKP274
PKPLHR257,Shadab Colony,PKP274
PKPLHR258,Shama Road,PKP274
PKPLHR259,Sofia Abad,PKP274
PKPLHR260,Supreme Villas,PKP274
PKPLHR261,Venus Housing Scheme,PKP274
PKPLHR262,Youhanabad,PKP274
PKPLHR263,Abubakar Block,PKP275
PKPLHR264,Ahmad Block,PKP275
PKPLHR265,Aibak Block,PKP275
PKPLHR266,Ali Block,PKP275
PKPLHR267,Attaturk Block,PKP275
PKPLHR268,Aurangzaib Block,PKP275
PKPLHR269,Awami Complex,PKP275
PKPLHR270,Babar Block,PKP275
PKPLHR271,Barkat Market,PKP275
PKPLHR272,Garden Block,PKP275
PKPLHR273,Sher Shah Block,PKP275
PKPLHR274,Tariq Block,PKP275
PKPLHR275,Tipu Block,PKP275
PKPLHR276,Usman Block,PKP275
PKPLHR277,Bibi Pak Daman,PKP276
PKPLHR278,Bogi Road,PKP276
PKPLHR279,Durand Road,PKP276
PKPLHR280,G.S 2,PKP276
PKPLHR281,Gharhi Shahu Bazar,PKP276
PKPLHR282,Habibullah Road,PKP276
PKPLHR283,Karachi Phatak,PKP276
PKPLHR284,Mayo Garden,PKP276
PKPLHR285,Shalimar Road,PKP276
PKPLHR286,Zaman Park,PKP276
PKPLHR287,Sector D 1 Block 1,PKP277
PKPLHR288,Sector D 1 Block 2,PKP277
PKPLHR289,Sector D 1 Block 3,PKP277
PKPLHR290,Sector D 1 Block 4,PKP277
PKPLHR291,Sector D 1 Block 5,PKP277
PKPLHR292,Sector D 2 Block 1,PKP277
PKPLHR293,Sector D 2 Block 2,PKP277
PKPLHR294,Sector D 2 Block 3,PKP277
PKPLHR295,Sector D 2 Block 3 Nill,PKP277
PKPLHR296,Sector D 2 Block 4,PKP277
PKPLHR297,Sector D 2 Block 5,PKP277
PKPLHR298,Sector D 2 Block 5 Nill,PKP277
PKPLHR299,Cavalary Ground,PKP278
PKPLHR300,Fatehabad,PKP278
PKPLHR301,Gulbahar Colony,PKP278
PKPLHR302,Gulberg 2 Block A,PKP278
PKPLHR303,Gulberg 2 Block B,PKP278
PKPLHR304,Gulberg 2 Block C,PKP278
PKPLHR305,Gulberg 2 Block D,PKP278
PKPLHR306,Gulberg 2 Block E,PKP278
PKPLHR307,Gulberg 2 Block F,PKP278
PKPLHR308,Gulberg 2 Block G,PKP278
PKPLHR309,Gulberg 2 Block H,PKP278
PKPLHR310,Gulberg 2 Block J,PKP278
PKPLHR311,Gulberg 2 Block K,PKP278
PKPLHR312,Gulberg 2 Block L,PKP278
PKPLHR313,Gulberg 2 Block M,PKP278
PKPLHR314,Gulberg 2 Block N,PKP278
PKPLHR315,Gulberg 2 Block P,PKP278
PKPLHR316,Gulberg 2 Block Q,PKP278
PKPLHR317,Gulberg 2 Block R,PKP278
PKPLHR318,Gulberg 2 Block S,PKP278
PKPLHR319,Gulberg 2 Block T,PKP278
PKPLHR320,Gulberg 2 Kashmir Road,PKP278
PKPLHR321,Gulberg 3 Block A 1,PKP278
PKPLHR322,Gulberg 3 Block A 2,PKP278
PKPLHR323,Gulberg 3 Block A 3,PKP278
PKPLHR324,Gulberg 3 Block B 1,PKP278
PKPLHR325,Gulberg 3 Block B 2,PKP278
PKPLHR326,Gulberg 3 Block B 3,PKP278
PKPLHR327,Gulberg 3 Block C 1,PKP278
PKPLHR328,Gulberg 3 Block C 2,PKP278
PKPLHR329,Gulberg 3 Block C 3,PKP278
PKPLHR330,Gulberg 3 Block D 1,PKP278
PKPLHR331,Gulberg 3 Block D 2,PKP278
PKPLHR332,Gulberg 3 Block D 3,PKP278
PKPLHR333,Gulberg 3 Block E 1,PKP278
PKPLHR334,Gulberg 3 Block E 2,PKP278
PKPLHR335,Gulberg 3 Block E 3,PKP278
PKPLHR336,Gulberg 3 Block G,PKP278
PKPLHR337,Gulberg 3 Block H,PKP278
PKPLHR338,Gulberg 3 Block J,PKP278
PKPLHR339,Gulberg 3 Block K,PKP278
PKPLHR340,Gulberg 3 Block L,PKP278
PKPLHR341,Gulberg 3 Block M,PKP278
PKPLHR342,Gulberg 3 Block N,PKP278
PKPLHR343,Gulberg 3 Block P,PKP278
PKPLHR344,Gulberg 3 Falcon Complex,PKP278
PKPLHR345,Gulberg 3 Firdous Market,PKP278
PKPLHR346,Gulberg 3 Gopal Nagar,PKP278
PKPLHR347,Gulberg 3 GOR 6,PKP278
PKPLHR348,Gulberg 3 Hafeez Centre,PKP278
PKPLHR349,Gulberg 4 FCC,PKP278
PKPLHR350,Gulberg 4 FCC Kachi Basti,PKP278
PKPLHR351,Gulberg 4 Old FCC,PKP278
PKPLHR352,Gulberg 5 Aziz Avenue,PKP278
PKPLHR353,Gulberg 5 Bridge Colony,PKP278
PKPLHR354,Gulberg 5 Bridge Line,PKP278
PKPLHR355,Gulberg 5 Ghos-e-Azam Colony,PKP278
PKPLHR356,Gulberg 5 Zafar Ali Road,PKP278
PKPLHR357,Gulberg Guru Mangat Road,PKP278
PKPLHR358,Hussainabad,PKP278
PKPLHR359,Khan Colony,PKP278
PKPLHR360,Madina Colony,PKP278
PKPLHR361,Main Gullberg,PKP278
PKPLHR362,Makkah Colony,PKP278
PKPLHR363,Mini Market,PKP278
PKPLHR364,M M Alam Road,PKP278
PKPLHR365,Qasim Pura,PKP278
PKPLHR366,St. Francis Colony,PKP278
PKPLHR367,Sultan Park,PKP278
PKPLHR368,Block A,PKP279
PKPLHR369,Block B,PKP279
PKPLHR370,Gulberg Gulshan Ravi Lahore,PKP280
PKPLHR371,Gulshan Ravi Lahore,PKP280
PKPLHR372,Nonariyan Chowk,PKP280
PKPLHR373,Shalimar Colony,PKP280
PKPLHR374,Amir Town,PKP281
PKPLHR375,Canal Bank Housing Society,PKP281
PKPLHR376,Canal Point Housing Society,PKP281
PKPLHR377,Fatehgarh,PKP281
PKPLHR378,Hajveri Scheme,PKP281
PKPLHR379,Harbanspura,PKP281
PKPLHR380,Lahore Press Club Housung Society,PKP281
PKPLHR381,Maher Fayaz Colony,PKP281
PKPLHR382,Moiz Town,PKP281
PKPLHR383,Muslimabad,PKP281
PKPLHR384,Nawab Pura,PKP281
PKPLHR385,Pepsi Stop,PKP281
PKPLHR386,Rehman Garden Phase 1,PKP281
PKPLHR387,Sami Town,PKP281
PKPLHR388,Taj Bagh Phase 1,PKP281
PKPLHR389,Taj Bagh Phase 2,PKP281
PKPLHR390,Taj Bagh Phase 3,PKP281
PKPLHR391,Phase 1 Block A,PKP282
PKPLHR392,Phase 2,PKP282
PKPLHR393,Phase 2 Block B,PKP282
PKPLHR394,Phase 3,PKP282
PKPLHR395,Phase 3 Block A,PKP282
PKPLHR396,Phase 3 Block B,PKP282
PKPLHR397,Phase 3 Block C,PKP282
PKPLHR398,Phase 3 Block D,PKP282
PKPLHR399,Al Hamd Colony,PKP283
PKPLHR400,Asif Block,PKP283
PKPLHR401,Badar Block,PKP283
PKPLHR402,Chanab Block,PKP283
PKPLHR403,College Block,PKP283
PKPLHR404,Gulshan Block,PKP283
PKPLHR405,Huma Block,PKP283
PKPLHR406,Hunza Block,PKP283
PKPLHR407,Jahanzaib Block,PKP283
PKPLHR408,Kamran Block,PKP283
PKPLHR409,Kareem Block,PKP283
PKPLHR410,Kashmir Block,PKP283
PKPLHR411,Khyber Block,PKP283
PKPLHR412,Mehran Block,PKP283
PKPLHR413,Muslim Block,PKP283
PKPLHR414,Najaf Colony,PKP283
PKPLHR415,Nargis Block,PKP283
PKPLHR416,Neelam Block,PKP283
PKPLHR417,Neezam Block,PKP283
PKPLHR418,Nishter Block,PKP283
PKPLHR419,Pak Block,PKP283
PKPLHR420,Rachna Block,PKP283
PKPLHR421,Ravi Block,PKP283
PKPLHR422,Raza Block,PKP283
PKPLHR423,Satluj Iqbal,PKP283
PKPLHR424,Sikandar Block,PKP283
PKPLHR425,Umer Block,PKP283
PKPLHR426,Zeenat Block,PKP283
PKPLHR427,Block A,PKP284
PKPLHR428,Block B,PKP284
PKPLHR429,Block C,PKP284
PKPLHR430,Block D,PKP284
PKPLHR431,Block E,PKP284
PKPLHR432,Block F,PKP284
PKPLHR433,Block G,PKP284
PKPLHR434,Block H,PKP284
PKPLHR435,Block I,PKP284
PKPLHR436,Block J,PKP284
PKPLHR437,Block K,PKP284
PKPLHR438,Block L,PKP284
PKPLHR439,Block M,PKP284
PKPLHR440,Block N,PKP284
PKPLHR441,Apwa College,PKP285
PKPLHR442,Bird Wood Road,PKP285
PKPLHR443,Jail Road,PKP285
PKPLHR444,Kinnaird College,PKP285
PKPLHR445,Lahore Women College & University,PKP285
PKPLHR446,Qartaba Chowk,PKP285
PKPLHR447,Race Course,PKP285
PKPLHR448,Al Raheem Gardens Phase 4,PKP286
PKPLHR449,Canal Fort 2,PKP286
PKPLHR450,Jallo Park,PKP286
PKPLHR451,Jallo Pind,PKP286
PKPLHR452,Lahore Medical Housing Society Phase 1,PKP286
PKPLHR453,Lahore Medical Housing Society Phase 2,PKP286
PKPLHR454,Lahore Medical Housing Society Phase 3,PKP286
PKPLHR455,Rizwan Garden,PKP286
PKPLHR456,Sky Land,PKP286
PKPLHR457,Sozo Water Park,PKP286
PKPLHR458,Umer Khan Road,PKP286
PKPLHR459,Block A,PKP287
PKPLHR460,Block A 1,PKP287
PKPLHR461,Block A 2,PKP287
PKPLHR462,Block A 3,PKP287
PKPLHR463,Block B,PKP287
PKPLHR464,Block B 1,PKP287
PKPLHR465,Block B 2,PKP287
PKPLHR466,Block B 3,PKP287
PKPLHR467,Block C,PKP287
PKPLHR468,Block C 1,PKP287
PKPLHR469,Block C 2,PKP287
PKPLHR470,Block D,PKP287
PKPLHR471,Block D 1,PKP287
PKPLHR472,Block D 2,PKP287
PKPLHR473,Block E,PKP287
PKPLHR474,Block E 1,PKP287
PKPLHR475,Block E 2,PKP287
PKPLHR476,Block F,PKP287
PKPLHR477,Block F 1,PKP287
PKPLHR478,Block F 2,PKP287
PKPLHR479,Block G,PKP287
PKPLHR480,Block G 1,PKP287
PKPLHR481,Block G 2,PKP287
PKPLHR482,Block G 3,PKP287
PKPLHR483,Block G 4,PKP287
PKPLHR484,Block G 5,PKP287
PKPLHR485,Block H,PKP287
PKPLHR486,Block H 1,PKP287
PKPLHR487,Block H 2,PKP287
PKPLHR488,Block H 3,PKP287
PKPLHR489,Block J,PKP287
PKPLHR490,Block J 1,PKP287
PKPLHR491,Block J 2,PKP287
PKPLHR492,Block J 3,PKP287
PKPLHR493,Block K,PKP287
PKPLHR494,Block L,PKP287
PKPLHR495,Block M,PKP287
PKPLHR496,Block N,PKP287
PKPLHR497,Block P,PKP287
PKPLHR498,Block Q,PKP287
PKPLHR499,Block R,PKP287
PKPLHR500,Block R 1,PKP287
PKPLHR501,Block R 2,PKP287
PKPLHR502,Block R 3,PKP287
PKPLHR503,Samsani Khoi Road,PKP287
PKPLHR504,Phase 1,PKP288
PKPLHR505,Phase 2,PKP288
PKPLHR506,Phase 3,PKP288
PKPLHR507,Central Park,PKP289
PKPLHR508,Kahna Nau,PKP289
PKPLHR509,Kahna Old,PKP289
PKPLHR510,Airline Society,PKP290
PKPLHR511,Audit Accounts Society,PKP290
PKPLHR512,AWT Phase 2,PKP290
PKPLHR513,Bahria Orchard,PKP290
PKPLHR514,Gulshan e Lahore,PKP290
PKPLHR515,Khayban-e-Amin,PKP290
PKPLHR516,Lake City,PKP290
PKPLHR517,Nasheman-e-iqbal Phase 1,PKP290
PKPLHR518,OPF Society,PKP290
PKPLHR519,Shareef Medical Jati Umra,PKP290
PKPLHR520,Tariq Gardens,PKP290
PKPLHR521,Tariq Ismail Road,PKP290
PKPLHR522,UET Society,PKP290
PKPLHR523,Valencia Town,PKP290
PKPLHR524,Akbar Shaheed Road,PKP291
PKPLHR525,Dilkhushan,PKP291
PKPLHR526,Kot Lakh Pat Indutrial Area,PKP291
PKPLHR527,Kot Lakh Pat Staion Area,PKP291
PKPLHR528,Liaqatabad,PKP291
PKPLHR529,Modern Colony,PKP291
PKPLHR530,Peco Road,PKP291
PKPLHR531,China Chowk,PKP292
PKPLHR532,Lahore Chamber of Commerece,PKP292
PKPLHR533,Race Course View,PKP292
PKPLHR534,Aitchison College,PKP293
PKPLHR535,AlFalah Building,PKP293
PKPLHR536,Beadon Road,PKP293
PKPLHR537,GOR 1,PKP293
PKPLHR538,Hall Road,PKP293
PKPLHR539,Pakistan Stock Exchange,PKP293
PKPLHR540,Punjab Assembly,PKP293
PKPLHR541,Regal Chowk,PKP293
PKPLHR542,Sadiq Plaza,PKP293
PKPLHR543,Shahdin Manzil,PKP293
PKPLHR544,Victoria park,PKP293
PKPLHR545,Al Hafeez Housing Society,PKP294
PKPLHR546,Bismillah Housing Society,PKP294
PKPLHR547,Manawan Training Center,PKP294
PKPLHR548,Yadgare Shuhada,PKP294
PKPLHR549,Awan Town,PKP295
PKPLHR550,Azam Garden,PKP295
PKPLHR551,Hassan Town,PKP295
PKPLHR552,Ittehad Town,PKP295
PKPLHR553,Khayban-e-Quaid,PKP295
PKPLHR554,Mansoorah,PKP295
PKPLHR555,Marghzar Colony,PKP295
PKPLHR556,Rana Town,PKP295
PKPLHR557,Bilour Palace,PKP296
PKPLHR558,Gawalmandi,PKP296
PKPLHR559,King Edward Medical University,PKP296
PKPLHR560,Lahore Hotel,PKP296
PKPLHR561,Lakshmi Chowk,PKP296
PKPLHR562,Mint Gumri Road,PKP296
PKPLHR563,Mission road,PKP296
PKPLHR564,Naz Theater,PKP296
PKPLHR565,Nisbat Road,PKP296
PKPLHR566,Patyala Ground,PKP296
PKPLHR567,Block A,PKP297
PKPLHR568,Block B,PKP297
PKPLHR569,Block C,PKP297
PKPLHR570,Block D,PKP297
PKPLHR571,Block E,PKP297
PKPLHR572,Block A,PKP298
PKPLHR573,Block B,PKP298
PKPLHR574,Block C,PKP298
PKPLHR575,Block D,PKP298
PKPLHR576,Block E,PKP298
PKPLHR577,Block F,PKP298
PKPLHR578,Block G,PKP298
PKPLHR579,Block H,PKP298
PKPLHR580,Block J,PKP298
PKPLHR581,Block K,PKP298
PKPLHR582,Block L,PKP298
PKPLHR583,Block M,PKP298
PKPLHR584,Block N,PKP298
PKPLHR585,Block P,PKP298
PKPLHR586,Block Q,PKP298
PKPLHR587,Block R,PKP298
PKPLHR588,Block S,PKP298
PKPLHR589,Kosar Colony,PKP298
PKPLHR590,Model Town Link Road,PKP298
PKPLHR591,PGECHS,PKP298
PKPLHR592,Abid Market,PKP299
PKPLHR593,Begum Road,PKP299
PKPLHR594,Fane Road,PKP299
PKPLHR595,Fateh Sher Road,PKP299
PKPLHR596,Lytton Road,PKP299
PKPLHR597,Masson road,PKP299
PKPLHR598,Mozang Chungi,PKP299
PKPLHR599,Mozang Road,PKP299
PKPLHR600,New Mozang,PKP299
PKPLHR601,Panjh Peer Road,PKP299
PKPLHR602,Queen Road,PKP299
PKPLHR603,Temple Road,PKP299
PKPLHR604,Waris Colony,PKP299
PKPLHR605,Ayaz Town,PKP300
PKPLHR606,Fatehgarh Road,PKP300
PKPLHR607,Ghaziabad,PKP300
PKPLHR608,Ghulshan Park,PKP300
PKPLHR609,Gunj Bazar,PKP300
PKPLHR610,Lahore Dry Port,PKP300
PKPLHR611,Lalpul,PKP300
PKPLHR612,Larex Colony 4,PKP300
PKPLHR613,M.E.T 1,PKP300
PKPLHR614,M.E.T 2,PKP300
PKPLHR615,Madni Colony,PKP300
PKPLHR616,Mughulpura,PKP300
PKPLHR617,Mughulpura Canal Road,PKP300
PKPLHR618,Nabi Pura,PKP300
PKPLHR619,Naya Pull,PKP300
PKPLHR620,Ram Gar Bazar,PKP300
PKPLHR621,Sahowari Road,PKP300
PKPLHR622,Shah Jahan Road,PKP300
PKPLHR623,Shalamar Hospital,PKP300
PKPLHR624,Shalimar Link Road,PKP300
PKPLHR625,Sunny View Park,PKP300
PKPLHR626,Taj Pura,PKP300
PKPLHR627,Block A,PKP301
PKPLHR628,Block B,PKP301
PKPLHR629,Block C,PKP301
PKPLHR630,Block D,PKP301
PKPLHR631,Block E,PKP301
PKPLHR632,Phase 1 Block C 1,PKP302
PKPLHR633,Phase 1 Block C 2,PKP302
PKPLHR634,Phase 1 Block D 1,PKP302
PKPLHR635,Phase 1 Block D 2,PKP302
PKPLHR636,Phase 1 Block E,PKP302
PKPLHR637,Phase 2 Block A,PKP302
PKPLHR638,Phase 2 Block B,PKP302
PKPLHR639,Phase 2 Block C,PKP302
PKPLHR640,Phase 2 Block D,PKP302
PKPLHR641,Phase 3 Block A,PKP302
PKPLHR642,Phase 3 Block B,PKP302
PKPLHR643,Chanar Bagh,PKP303
PKPLHR644,Guldasht Town,PKP303
PKPLHR645,Haloki,PKP303
PKPLHR646,New Super Town,PKP303
PKPLHR647,Oqaf Colony,PKP303
PKPLHR648,Qasori Road,PKP303
PKPLHR649,Rehman Garden Phase 1,PKP303
PKPLHR650,Rehman Garden Phase 2,PKP303
PKPLHR651,Sadar Cantt,PKP303
PKPLHR652,Sofia Abad,PKP303
PKPLHR653,Supreme Villas,PKP303
PKPLHR654,Tufail Road Lahore Cantt,PKP303
PKPLHR655,Block A,PKP304
PKPLHR656,Block B,PKP304
PKPLHR657,Block C,PKP304
PKPLHR658,Block D,PKP304
PKPLHR659,Block A,PKP305
PKPLHR660,Block B,PKP305
PKPLHR661,Block BB,PKP305
PKPLHR662,Block C,PKP305
PKPLHR663,Block D,PKP305
PKPLHR664,Block E,PKP305
PKPLHR665,Block F,PKP305
PKPLHR666,Pak Arab Society Vittal Homes,PKP305
PKPLHR667,Block A,PKP306
PKPLHR668,Block B,PKP306
PKPLHR669,Block C,PKP306
PKPLHR670,Block D,PKP306
PKPLHR671,Block E,PKP306
PKPLHR672,Phase 1,PKP306
PKPLHR673,Phase 2 Block A,PKP306
PKPLHR674,Phase 2 Block B,PKP306
PKPLHR675,Phase 2 Block C,PKP306
PKPLHR676,Phase 2 Block D,PKP306
PKPLHR677,Phase 3 Block A,PKP306
PKPLHR678,Phase 3 Block B,PKP306
PKPLHR679,Phase 3 Block C,PKP306
PKPLHR680,Phase 1 Block A 1,PKP307
PKPLHR681,Phase 1 Block A 2,PKP307
PKPLHR682,Phase 1 Block A 3,PKP307
PKPLHR683,Phase 1 Block A 4,PKP307
PKPLHR684,Phase 1 Block A 5,PKP307
PKPLHR685,Phase 1 Block B 1,PKP307
PKPLHR686,Phase 1 Block B 2,PKP307
PKPLHR687,Phase 1 Block B 3,PKP307
PKPLHR688,Phase 1 Block R,PKP307
PKPLHR689,Phase 2 Block E,PKP307
PKPLHR690,Revenue Society,PKP307
PKPLHR691,Block A,PKP308
PKPLHR692,Block A 1,PKP308
PKPLHR693,Block B,PKP308
PKPLHR694,Block B 1,PKP308
PKPLHR695,Block C,PKP308
PKPLHR696,Block D,PKP308
PKPLHR697,Block E,PKP308
PKPLHR698,Block F,PKP308
PKPLHR699,Block A,PKP309
PKPLHR700,Block B,PKP309
PKPLHR701,Block C,PKP309
PKPLHR702,Block D,PKP309
PKPLHR703,Block E,PKP309
PKPLHR704,Block F 1,PKP309
PKPLHR705,Phase 1 Block A 1,PKP309
PKPLHR706,Phase 1 Block A 2,PKP309
PKPLHR707,Phase 1 Block A 3,PKP309
PKPLHR708,Phase 1 Block A 4,PKP309
PKPLHR709,Phase 1 Block A 5,PKP309
PKPLHR710,Phase 1 Block B 1,PKP309
PKPLHR711,Phase 1 Block B 2,PKP309
PKPLHR712,Phase 1 Block B 3,PKP309
PKPLHR713,Phase 1 Block C 2,PKP309
PKPLHR714,Phase 1 Block R,PKP309
PKPLHR715,Phase 2 Block A,PKP309
PKPLHR716,Phase 2 Block B,PKP309
PKPLHR717,Phase 2 Block C,PKP309
PKPLHR718,Phase 2 Block D,PKP309
PKPLHR719,Phase 2 Block E,PKP309
PKPLHR720,Austrailia Masjid,PKP310
PKPLHR721,Branth Road,PKP310
PKPLHR722,Dalgiran Chowk,PKP310
PKPLHR723,Haji Camp,PKP310
PKPLHR724,Landa Bazar,PKP310
PKPLHR725,Railway Road,PKP310
PKPLHR726,Abdul Sattar Edhi Road,PKP311
PKPLHR727,Airline Society,PKP311
PKPLHR728,Ali Raza Abad Rawind Road,PKP311
PKPLHR729,Ali Town,PKP311
PKPLHR730,Architect Society,PKP311
PKPLHR731,AWT Phase 2,PKP311
PKPLHR732,Bahria Orchard,PKP311
PKPLHR733,Bhoptian Chowk,PKP311
PKPLHR734,Chanar Bagh,PKP311
PKPLHR735,Dream Garden,PKP311
PKPLHR736,Dubai Town,PKP311
PKPLHR737,Eden Palace Villas,PKP311
PKPLHR738,Green Fort,PKP311
PKPLHR739,Lake City,PKP311
PKPLHR740,Nawab Town,PKP311
PKPLHR741,OPF Society,PKP311
PKPLHR742,Shabbir Town,PKP311
PKPLHR743,Shareef Medical Jati Umra,PKP311
PKPLHR744,Sher Shah Colony,PKP311
PKPLHR745,Sultan Town,PKP311
PKPLHR746,Sundar Industrial Estate,PKP311
PKPLHR747,Block A,PKP312
PKPLHR748,Block B,PKP312
PKPLHR749,Block C,PKP312
PKPLHR750,Block D,PKP312
PKPLHR751,Karim Park Ravi Road,PKP313
PKPLHR752,Qasoori Road,PKP313
PKPLHR753,Qila Muhammadi,PKP313
PKPLHR754,Qilla Lakshman Singh,PKP313
PKPLHR755,Ravi Park,PKP313
PKPLHR756,Roti Plant,PKP313
PKPLHR757,Timber Market,PKP313
PKPLHR758,Block A,PKP314
PKPLHR759,Block B,PKP314
PKPLHR760,Mansoorah,PKP315
PKPLHR761,Sabzazar,PKP315
PKPLHR762,Said Pur,PKP315
PKPLHR763,Deen Daran Ki Pulli,PKP316
PKPLHR764,Eid Gha,PKP316
PKPLHR765,Machinery Store,PKP316
PKPLHR766,Momin Pura,PKP316
PKPLHR767,Poppy Chargah House,PKP316
PKPLHR768,Quaid-e-Azam Interchange,PKP316
PKPLHR769,Salamat Pura,PKP316
PKPLHR770,Shadi Pura,PKP316
PKPLHR771,Sharif Pura,PKP316
PKPLHR772,Wara Sattar,PKP316
PKPLHR773,Arya Nagar,PKP317
PKPLHR774,Bagh Gul Begum,PKP317
PKPLHR775,Bastami Road,PKP317
PKPLHR776,Islamabad Colony,PKP317
PKPLHR777,Islamia Park,PKP317
PKPLHR778,Ittehad Colony,PKP317
PKPLHR779,Muslim Road,PKP317
PKPLHR780,Nadeem Shaheed Road,PKP317
PKPLHR781,Pakki Thatti,PKP317
PKPLHR782,Poonch Road,PKP317
PKPLHR783,Samnabad,PKP317
PKPLHR784,Bara Sanda,PKP318
PKPLHR785,Chaburji,PKP318
PKPLHR786,Chohan Road,PKP318
PKPLHR787,Chota Sanda,PKP318
PKPLHR788,Dev Samajh Road,PKP318
PKPLHR789,Govt.College University,PKP318
PKPLHR790,Haider Road,PKP318
PKPLHR791,Heran Road,PKP318
PKPLHR792,Islampura,PKP318
PKPLHR793,Krishan Nagar,PKP318
PKPLHR794,MAO College,PKP318
PKPLHR795,National Town,PKP318
PKPLHR796,Outfall Road,PKP318
PKPLHR797,Prem Nagar,PKP318
PKPLHR798,Rajghar,PKP318
PKPLHR799,Rewarz Garden,PKP318
PKPLHR800,Rewaz Garden,PKP318
PKPLHR801,Sanat Nagar,PKP318
PKPLHR802,Sanda Road,PKP318
PKPLHR803,Shamnagar,PKP318
PKPLHR804,Umer Road,PKP318
PKPLHR805,Amir Road,PKP319
PKPLHR806,Baghat Pura,PKP319
PKPLHR807,Bhogi Wall,PKP319
PKPLHR808,Chahmiran,PKP319
PKPLHR809,Chamra Mandi,PKP319
PKPLHR810,China Scheme,PKP319
PKPLHR811,Fazal Park 1,PKP319
PKPLHR812,Fazal Park 2,PKP319
PKPLHR813,Ghoray Shah,PKP319
PKPLHR814,Goal Bagh,PKP319
PKPLHR815,Gujjar Pura,PKP319
PKPLHR816,Iqbal Road,PKP319
PKPLHR817,Jani Pura,PKP319
PKPLHR818,Kachupura,PKP319
PKPLHR819,Kot Khawaja Saeed,PKP319
PKPLHR820,Misri Shah,PKP319
PKPLHR821,Nakhuda Chowk,PKP319
PKPLHR822,Neelam Cinema,PKP319
PKPLHR823,Sher Shah Road,PKP319
PKPLHR824,Sultan Pura,PKP319
PKPLHR825,Swami Nagar,PKP319
PKPLHR826,Taj Pura,PKP319
PKPLHR827,Tokay Wala Chowk,PKP319
PKPLHR828,Umer Din Road,PKP319
PKPLHR829,Wassan Pura,PKP319
PKPLHR830,Shadman 1,PKP320
PKPLHR831,Shadman 2,PKP320
PKPLHR832,Shahjamal,PKP320
PKPLHR833,Amir Road,PKP321
PKPLHR834,Badami Bagh,PKP321
PKPLHR835,Baghat Pura,PKP321
PKPLHR836,Bhogi Wall,PKP321
PKPLHR837,Chahmiran,PKP321
PKPLHR838,Chamra Mandi,PKP321
PKPLHR839,China Scheme,PKP321
PKPLHR840,Fazal Park 1,PKP321
PKPLHR841,Fazal Park 2,PKP321
PKPLHR842,Ghoray Shah,PKP321
PKPLHR843,Goal Bagh,PKP321
PKPLHR844,Gujjar Pura,PKP321
PKPLHR845,Iqbal Road,PKP321
PKPLHR846,Jani Pura,PKP321
PKPLHR847,Kachupura,PKP321
PKPLHR848,Kot Khawaja Saeed,PKP321
PKPLHR849,Misri Shah,PKP321
PKPLHR850,Nakhuda Chowk,PKP321
PKPLHR851,Neelam Cinema,PKP321
PKPLHR852,Sadiqia Colony,PKP321
PKPLHR853,Salamat Pura,PKP321
PKPLHR854,Sher Shah Road,PKP321
PKPLHR855,Sultan Pura,PKP321
PKPLHR856,Swami Nagar,PKP321
PKPLHR857,Taj Pura,PKP321
PKPLHR858,Tokay Wala Chowk,PKP321
PKPLHR859,Walled City Lahore,PKP321
PKPLHR860,Wasan Pura,PKP321
PKPLHR861,Begamkot Sharkpur Road,PKP322
PKPLHR862,Imamia Colony,PKP322
PKPLHR863,Kot Abdul Malik,PKP322
PKPLHR864,Rehman Garden Phase 1,PKP322
PKPLHR865,Rehman Garden Phase 2,PKP322
PKPLHR866,Shahdra Town,PKP322
PKPLHR867,Bijli Ghar,PKP323
PKPLHR868,Dhobi Ghat,PKP323
PKPLHR869,Ideal Homes,PKP323
PKPLHR870,Kotli Peer Abdul Rehman,PKP323
PKPLHR871,Noha Wala Chowk,PKP323
PKPLHR872,Pakistan Mint,PKP323
PKPLHR873,Rang Wala Karkhana,PKP323
PKPLHR874,Rasheed Pura,PKP323
PKPLHR875,Shalimar Town,PKP323
PKPLHR876,Sukh Naher,PKP323
PKPLHR877,Aitchison Society,PKP324
PKPLHR878,Expo Avenue,PKP324
PKPLHR879,Rehman Society,PKP324
PKPLHR880,Begum Pura,PKP325
PKPLHR881,Singh Pura,PKP325
PKPLHR882,UET Lahore Campus,PKP325
PKPLHR883,Wheatman Road,PKP325
PKPLHR884,Colony 1,PKP326
PKPLHR885,Colony 2,PKP326
PKPLHR886,Block A,PKP327
PKPLHR887,Block B,PKP327
PKPLHR888,Block C,PKP327
PKPLHR889,Block D,PKP327
PKPLHR890,Block E,PKP327
PKPLHR891,Block F,PKP327
PKPLHR892,Block G,PKP327
PKPLHR893,Alpha Society,PKP328
PKPLHR894,Canal View,PKP328
PKPLHR895,DHA Rehber Phase 11,PKP328
PKPLHR896,Doctors Society,PKP328
PKPLHR897,Eden Canal Villas,PKP328
PKPLHR898,Green Fort 2,PKP328
PKPLHR899,Gul Bahar Colony,PKP328
PKPLHR900,Hanjarwal Road,PKP328
PKPLHR901,Jubilee Town,PKP328
PKPLHR902,New Shaheen Block Bahria,PKP328
PKPLHR903,P&D Apara Housing Society,PKP328
PKPLHR904,Pine Villas,PKP328
PKPLHR905,Rail Town,PKP328
PKPLHR906,Samsani Road,PKP328
PKPLHR907,Shahkam Chowk,PKP328
PKPLHR908,Sultan Town,PKP328
PKPLHR909,Tech Society,PKP328
PKPLHR910,Tricon Village,PKP328
PKPLHR911,University of Lahore,PKP328
PKPLHR912,Westwood Colony,PKP328
PKPLHR913,Avanceon Building,PKP329
PKPLHR914,Loharan Wala Kho,PKP329
PKPLHR915,Orient Factory,PKP329
PKPLHR916,Park View Villas,PKP329
PKPLHR917,Shah Pur Kanjra,PKP329
PKPLHR918,Mochi Pura,PKP330
PKPLHR919,PGECHS,PKP330
PKPLHR920,Sector A 1,PKP330
PKPLHR921,Sector A 2,PKP330
PKPLHR922,Sector B 1,PKP330
PKPLHR923,Sector B 2,PKP330
PKPLHR924,Sector C 1,PKP330
PKPLHR925,Sector C 2,PKP330
PKPLHR926,Block A,PKP331
PKPLHR927,Block B,PKP331
PKPLHR928,Block C,PKP331
PKPLHR929,Block D,PKP331
PKPLHR930,Anand Road,PKP332
PKPLHR931,Basti Saidan Shah,PKP332
PKPLHR932,Rana Tanveer Road,PKP332
PKPLHR933,Sikander Road,PKP332
PKPLHR934,Upper Mall,PKP332
PKPLHR935,Upper Mall Scotch Corner,PKP332
PKPLHR936,Wazir Ali Road,PKP332
PKPLHR937,Audit Accounts Society,PKP333
PKPLHR938,Nasheman-e-iqbal Phase 2,PKP333
PKPLHR939,Naz Town,PKP333
PKPLHR940,UET Society,PKP333
PKPLHR941,Valencia Town,PKP333
PKPLHR942,Clifton Colony,PKP334
PKPLHR943,Education Town,PKP334
PKPLHR944,Faiz Road,PKP334
PKPLHR945,Mustafa Town,PKP334
PKPLHR946,Naqsha Stop,PKP334
PKPLHR947,New Muslim Town,PKP334
PKPLHR948,Noon Avenue,PKP334
PKPLHR949,Old Muslim Town,PKP334
PKPLHR950,Punjab University New Campus,PKP334
PKPLHR951,Rehman Pura,PKP334
PKPLHR952,Sheikh Zaid Hospital,PKP334
PKPLHR953,Wahdat Colony,PKP334
PKPLHR954,Akbari Gate,PKP335
PKPLHR955,Azam Cloth Market,PKP335
PKPLHR956,Bhati Gate,PKP335
PKPLHR957,Chona Mandi,PKP335
PKPLHR958,Dehli Gate,PKP335
PKPLHR959,Kashmiri Gate,PKP335
PKPLHR960,Lohari Gate,PKP335
PKPLHR961,Masti Gate,PKP335
PKPLHR962,Mochi Gate,PKP335
PKPLHR963,Mori Gate,PKP335
PKPLHR964,Moti Bazar,PKP335
PKPLHR965,Nolakha Bazar,PKP335
PKPLHR966,Pani Wala Talab,PKP335
PKPLHR967,Rang Mahal,PKP335
PKPLHR968,Sarafa Bazar,PKP335
PKPLHR969,Shah Alam Market,PKP335
PKPLHR970,Sheran Wala Gate,PKP335
PKPLHR971,Taxali Gate,PKP335
PKPLHR972,Yakki Gate,PKP335
PKPLHR973,Walton Road,PKP336
PKPLHR974,NFC Housing Society,PKP337
PKPLHR975,Phase 1,PKP337
PKPLHR976,Phase 2,PKP337
PKPLHR977,60 Feet Road,PKP338
PKPLHR978,Chappar Stop,PKP338
PKPLHR979,Dholanwal,PKP338
PKPLHR980,Jafria Colony,PKP338
PKPLHR981,Khuda Baksh Road,PKP338
PKPLHR982,Kot Kamboh,PKP338
PKPLHR983,Niazi Adda,PKP338
PKPLHR984,Shera Kot,PKP338
PKPLHR985,Shezan Factory,PKP338
PKPLHR986,Sodiwal,PKP338
PKPLHR987,Al Faisal Town,PKP339
PKPLHR988,Bahar Shah Road,PKP339
PKPLHR989,Dogaitch Town,PKP339
PKPLHR990,Guldasht Town,PKP339
PKPLHR991,Jory Pull Harbanspura Road,PKP339
PKPLHR992,P.A.F New Officer Coloney,PKP339
PKPLHR993,P.A.F Old Officer Coloney,PKP339
