ID,TITLE,PARENTID
PKI1,Islamabad - Ali Pur,PKI
PKI2,Islamabad - Banni Gaala,PKI
PKI3,Islamabad - Bhara Kahu,PKI
PKI4,Islamabad - Chak Shahzad,PKI
PKI5,Islamabad - Chatta Bakhtawar,PKI
PKI6,Islamabad - E,PKI
PKI7,Islamabad - E - 11,PKI
PKI8,Islamabad - E - 7,PKI
PKI9,Islamabad - F,PKI
PKI10,Islamabad - F - 10,PKI
PKI11,Islamabad - F - 11,PKI
PKI12,Islamabad - F - 5,PKI
PKI13,Islamabad - F - 6,PKI
PKI14,Islamabad - F - 7,PKI
PKI15,Islamabad - F - 8,PKI
PKI16,Islamabad - F - 9,PKI
PKI17,Islamabad - G,PKI
PKI18,Islamabad - G - 10,PKI
PKI19,Islamabad - G - 11,PKI
PKI20,Islamabad - G - 12,PKI
PKI21,Islamabad - G - 13,PKI
PKI22,Islamabad - G - 14,PKI
PKI23,Islamabad - G - 15,PKI
PKI24,Islamabad - G - 5,PKI
PKI25,Islamabad - G - 6,PKI
PKI26,Islamabad - G - 7,PKI
PKI27,Islamabad - G - 8,PKI
PKI28,Islamabad - G - 9,PKI
PKI29,Islamabad - Ghauri Town,PKI
PKI30,Islamabad - H,PKI
PKI31,Islamabad - H - 10,PKI
PKI32,Islamabad - H - 11,PKI
PKI33,Islamabad - H - 12,PKI
PKI34,Islamabad - H -13,PKI
PKI35,Islamabad - H - 8,PKI
PKI36,Islamabad - H - 9,PKI
PKI37,Islamabad - I,PKI
PKI38,Islamabad - I - 10,PKI
PKI39,Islamabad - I - 11,PKI
PKI40,Islamabad - I - 12,PKI
PKI41,Islamabad - I - 14,PKI
PKI42,Islamabad - I - 8,PKI
PKI43,Islamabad - I - 9,PKI
PKI44,Islamabad - Rawal Town,PKI
PKI45,Islamabad - Sohan,PKI
PKI46,Islamabad - Tarlai Kalan,PKI
