ID,TITLE,PARENTID
PKKP1,Abbottabad,PKKP
PKKP2,Abdara,PKKP
PKKP3,Aboha,PKKP
PKKP4,Akora Khattak,PKKP
PKKP5,Alpuri,PKKP
PKKP6,Aman Dara,PKKP
PKKP7,Aman Kot,PKKP
PKKP8,Bakshi Pul,PKKP
PKKP9,Bala Garhi,PKKP
PKKP10,Balakot,PKKP
PKKP11,Bannu,PKKP
PKKP12,Bari Kot,PKKP
PKKP13,Bashir Abad,PKKP
PKKP14,Bat Khela,PKKP
PKKP15,Batrasi,PKKP
PKKP16,Battagram,PKKP
PKKP17,Bunair,PKKP
PKKP18,Buner,PKKP
PKKP19,Chak Dara,PKKP
PKKP20,Chamkani,PKKP
PKKP21,Charbaagh,PKKP
PKKP22,Char Bagh,PKKP
PKKP23,Charsadda,PKKP
PKKP24,Chitral,PKKP
PKKP25,D.I.Khan,PKKP
PKKP26,Dakota,PKKP
PKKP27,Dargai,PKKP
PKKP28,Dargai Malakand,PKKP
PKKP29,Dingi,PKKP
PKKP30,Dir,PKKP
PKKP31,Gadoon,PKKP
PKKP32,Gandaf,PKKP
PKKP33,Garhi Habibullah,PKKP
PKKP34,Garlat Balakot,PKKP
PKKP35,Ghazi,PKKP
PKKP36,Gujjar Garhi,PKKP
PKKP37,Gumbad Maria,PKKP
PKKP38,Gumbat,PKKP
PKKP39,Gurmani,PKKP
PKKP40,Hangu,PKKP
PKKP41,Haripur,PKKP
PKKP42,Hattar,PKKP
PKKP43,Islampur,PKKP
PKKP44,Jalala,PKKP
PKKP45,Jamal Garhi,PKKP
PKKP46,Jehangira,PKKP
PKKP47,Kabal,PKKP
PKKP48,Kamalia,PKKP
PKKP49,Kangra,PKKP
PKKP50,Karak,PKKP
PKKP51,Karnal Sher Kallay,PKKP
PKKP52,Katlang,PKKP
PKKP53,Khairabad,PKKP
PKKP54,Khushhal Kot,PKKP
PKKP55,Khwazakhela,PKKP
PKKP56,Kohat,PKKP
PKKP57,Kotla Mohsin Khan,PKKP
PKKP58,Kot Najeeb Ullah,PKKP
PKKP59,Kund,PKKP
PKKP60,Lachi,PKKP
PKKP61,Lakki Marwat,PKKP
PKKP62,Landikotal - Khyber Agency,PKKP
PKKP63,Malakand,PKKP
PKKP64,Malikabad,PKKP
PKKP65,Malikpura,PKKP
PKKP66,Mandian,PKKP
PKKP67,Manglawar,PKKP
PKKP68,Mangora,PKKP
PKKP69,Mansehra,PKKP
PKKP70,Manyar,PKKP
PKKP71,Mardan,PKKP
PKKP72,Marghazar,PKKP
PKKP73,Matta,PKKP
PKKP74,Mayyar,PKKP
PKKP75,Migora Swat,PKKP
PKKP76,Mingora,PKKP
PKKP77,Mouza Muhammad Khan,PKKP
PKKP78,Nawanshehr,PKKP
PKKP79,Nissata,PKKP
PKKP80,Nizampur,PKKP
PKKP81,Nowshera,PKKP
PKKP82,Pabbi,PKKP
PKKP83,Pakhwal,PKKP
PKKP84,Panian,PKKP
PKKP85,Panr,PKKP
PKKP86,Para Chinar,PKKP
PKKP87,Peshawar,PKKP
PKKP88,Pir Bala,PKKP
PKKP89,Pir Piay,PKKP
PKKP90,Potha,PKKP
PKKP91,Qaboola Sharif,PKKP
PKKP92,Qalander Abad,PKKP
PKKP93,Qaldara,PKKP
PKKP94,Ranjai,PKKP
PKKP95,Rashakai,PKKP
PKKP96,Rawlakot,PKKP
PKKP97,Risalpur,PKKP
PKKP98,Saidu Sharif,PKKP
PKKP99,Sangota,PKKP
PKKP100,Sarae Norang,PKKP
PKKP101,Sathi Town,PKKP
PKKP102,Ser Dheri,PKKP
PKKP103,Shabqadar,PKKP
PKKP104,Shagai,PKKP
PKKP105,Shangla Hill,PKKP
PKKP106,Shinkayari,PKKP
PKKP107,Shirin Kotay,PKKP
PKKP108,Sikandarpur,PKKP
PKKP109,Sobra City,PKKP
PKKP110,Swabi,PKKP
PKKP111,Swat,PKKP
PKKP112,Tajori,PKKP
PKKP113,Takht Bai,PKKP
PKKP114,Talash,PKKP
PKKP115,Tank,PKKP
PKKP116,Tappi,PKKP
PKKP117,Temar Garah,PKKP
PKKP118,Terbela Ghazi,PKKP
PKKP119,Timergera,PKKP
PKKP120,Topi,PKKP
PKKP121,Toru,PKKP
PKKP122,Totakan,PKKP
PKKP123,Umarzai,PKKP
PKKP124,Upper Dir,PKKP
PKKP125,Waligram,PKKP
PKKP126,Wazir Bagh,PKKP
