ID,TITLE,PARENTID
RPK54,Athmuqam,R3780130
R8192015,Bagh,R3780130
R80302936,Barnala,R3780130
R8183916,Bhimber,R3780130
R80302938,Chak Swari,R3780130
R8187464,Dadyal,R3780130
RPK48,Fatehpur,R3780130
R80302942,Hajira,R3780130
R80302940,Hattian,R3780130
R80302948,Islamgarh,R3780130
R80302947,Jandala,R3780130
R80302939,Jing,R3780130
R80302944,Kalyal,R3780130
R80302943,Kotli,R3780130
R80302941,Mangla,R3780130
R80302949,Mirpur A.K.,R3780130
R80302937,Muzafarabad,R3780130
R80302946,Pallandri,R3780130
R80302945,Rawalakot,R3780130
