ID,TITLE,PARENTID
RPK57,Awaran,R357968
RPK44,Barkhan,R357968
R80302959,Chaman,R357968
R80302963,Dalbandin,R357968
R80302970,Dera Allahyar,R357968
RPK43,Dera Bugti,R357968
R80302956,Dera Murad Jamali,R357968
R80302982,Dhadar,R357968
R80302965,Gwadar,R357968
R80302980,Harnai,R357968
R80302960,Hub,R357968
R80302974,Jafarabad,R357968
R80302954,Kallat,R357968
R80302967,Kanozai,R357968
R80302971,Kharan,R357968
R80302976,Khuzdar,R357968
R80307352,Kohlu,R357968
R80316262,Kuchlak,R357968
R80302966,Lasbela,R357968
R80302950,Loralai,R357968
R80302979,Mastung,R357968
R80302977,Miri Kalat Kech,R357968
R80302951,Mithani,R357968
R80302972,Muslim Bagh,R357968
R80302968,Nushki,R357968
R80302975,Panj Gur,R357968
R80302969,Pasni,R357968
R80302981,Pishin,R357968
RPK53,Qila Abdullah,R357968
RPK36,Qila Saifullah,R357968
R80302957,Quetta - Airport,R357968
RPK1652,Quetta - Alamdar Road,R357968
RPK1743,Quetta - Bazaar Area,R357968
RPK1685,Quetta - Brewery Road,R357968
RPK1728,Quetta - Cantt,R357968
RPK1696,Quetta - Nawakilli,R357968
RPK1654,Quetta - Pishin Stop,R357968
RPK1669,Quetta - Samungli,R357968
RPK1634,Quetta - Sariab,R357968
RPK1680,Quetta - Sattlite Town,R357968
RPK1725,Quetta - Zarghoon Road,R357968
R80302952,Sibbi,R357968
R80302964,Sorab,R357968
R80302955,Sui,R357968
RPK1642,Taftan,R357968
R80302958,Turbat,R357968
R80302978,Usta Mohammad,R357968
R80302973,Uthal,R357968
R80302961,Winder,R357968
R80302962,Zhob,R357968
R80302953,Zia Abad,R357968
R80316267,Ziarat,R357968
