ID,TITLE,PARENTID
R80302330,Abbottabad,R3780131
R80302369,Abdara,R3780131
R80302302,Aboha,R3780131
R80302280,Akora Khattak,R3780131
RPK56,Alpuri,R3780131
R80302295,Aman Dara,R3780131
R80302314,Aman Kot,R3780131
R80302345,Bakshi Pul,R3780131
R80302319,Bala Garhi,R3780131
R80302342,Balakot,R3780131
R6589887,Bannu,R3780131
R80302286,Bari Kot,R3780131
R80302308,Bashir Abad,R3780131
R80302283,Bat Khela,R3780131
R80302344,Batrasi,R3780131
R80302366,Battagram,R3780131
R80302377,Bunair,R3780131
R80302270,Buner,R3780131
R80302282,Chak Dara,R3780131
R80302333,Chamkani,R3780131
R80302309,Charbaagh,R3780131
R80302311,Char Bagh,R3780131
R80302357,Charsadda,R3780131
R80302355,Chitral,R3780131
R80302285,D.I.Khan,R3780131
R80302325,Dakota,R3780131
R80302338,Dargai,R3780131
R80302266,Dargai Malakand,R3780131
R80302386,Dingi,R3780131
R80302376,Dir,R3780131
R80302365,Gadoon,R3780131
R80302321,Gandaf,R3780131
R80302378,Garhi Habibullah,R3780131
R80302351,Garlat Balakot,R3780131
R80302326,Ghazi,R3780131
R80302301,Gujjar Garhi,R3780131
R80302269,Gumbad Maria,R3780131
R80302379,Gumbat,R3780131
R80302318,Gurmani,R3780131
R80302320,Hangu,R3780131
R80302287,Haripur,R3780131
R80302296,Hattar,R3780131
R80302381,Islampur,R3780131
R80302298,Jalala,R3780131
R80302361,Jamal Garhi,R3780131
R80302362,Jehangira,R3780131
R80302294,Kabal,R3780131
R80302384,Kamalia,R3780131
R80302363,Kangra,R3780131
R80302370,Karak,R3780131
R80302327,Karnal Sher Kallay,R3780131
R80302359,Katlang,R3780131
R80302339,Khairabad,R3780131
R80302268,Khushhal Kot,R3780131
R80302288,Khwazakhela,R3780131
R80302332,Kohat,R3780131
R80302346,Kotla Mohsin Khan,R3780131
R80302383,Kot Najeeb Ullah,R3780131
R80302291,Kund,R3780131
R80302289,Lachi,R3780131
R6589888,Lakki Marwat,R3780131
R80302334,Landikotal - Khyber Agency,R3780131
R80302305,Malakand,R3780131
R80302278,Malikabad,R3780131
R80302313,Malikpura,R3780131
R80302356,Mandian,R3780131
R80302354,Manglawar,R3780131
R80302299,Mangora,R3780131
R80302350,Mansehra,R3780131
R80302316,Manyar,R3780131
R80302336,Mardan,R3780131
R80302277,Marghazar,R3780131
R80302347,Matta,R3780131
R80302276,Mayyar,R3780131
R80302374,Migora Swat,R3780131
R80302375,Mingora,R3780131
R80302293,Mouza Muhammad Khan,R3780131
R80302343,Nawanshehr,R3780131
R80302331,Nissata,R3780131
R80302271,Nizampur,R3780131
R80302290,Nowshera,R3780131
R80302323,Pabbi,R3780131
R80302341,Pakhwal,R3780131
R80302360,Panian,R3780131
R80302300,Panr,R3780131
R80302388,Para Chinar,R3780131
R80302358,Peshawar,R3780131
R80302317,Pir Bala,R3780131
R80302390,Pir Piay,R3780131
R80302272,Potha,R3780131
R80302312,Qaboola Sharif,R3780131
R80302389,Qalander Abad,R3780131
R80302371,Qaldara,R3780131
R80302340,Ranjai,R3780131
R80302322,Rashakai,R3780131
R80302303,Rawlakot,R3780131
R80302329,Risalpur,R3780131
RPK59,Saidu Sharif,R3780131
R80302337,Sangota,R3780131
R80302328,Sarae Norang,R3780131
R80302387,Sathi Town,R3780131
R80302297,Ser Dheri,R3780131
R80302380,Shabqadar,R3780131
R80302372,Shagai,R3780131
R80302265,Shangla Hill,R3780131
R80302391,Shinkayari,R3780131
R80302335,Shirin Kotay,R3780131
R80302385,Sikandarpur,R3780131
R80302368,Sobra City,R3780131
R80302306,Swabi,R3780131
R80302352,Swat,R3780131
R80302349,Tajori,R3780131
R80302373,Takht Bai,R3780131
R80302304,Talash,R3780131
R80302292,Tank,R3780131
R80302353,Tappi,R3780131
R80302364,Temar Garah,R3780131
R80302275,Terbela Ghazi,R3780131
R80302284,Timergera,R3780131
R80302279,Topi,R3780131
R80302281,Toru,R3780131
R80302382,Totakan,R3780131
R80302307,Umarzai,R3780131
R80302310,Upper Dir,R3780131
R80302273,Waligram,R3780131
R80302367,Wazir Bagh,R3780131
