ID,TITLE,PARENTID
R80302463,Abdul Hakim,R357988
R80302422,Adamke Cheema,R357988
R80302440,Adam Wehain,R357988
R80302547,Ahmadpur East,R357988
R80302675,Ahsanpur,R357988
RPK3,Alipur,R357988
R80302696,Ali Pur Chattha,R357988
R80302778,Amara Kalan,R357988
R80302489,Aminabad,R357988
R80302749,Amin Garh,R357988
RPK58,Aminpur Bangla,R357988
R80302680,Arif Wala,R357988
R80302593,Aroop Town,R357988
R80302608,Attock,R357988
R80302588,Attowala,R357988
R80302394,Awagat,R357988
R80302644,Baddomalhi,R357988
R80302592,Badiana,R357988
R80302658,Baglow Yatimwala,R357988
R80302738,Bagwal Awan,R357988
R80302544,Bahawal Garh,R357988
R80302783,Bahawalnagar,R357988
R80302398,Bahawalpur,R357988
RPK1677,Bahawalpur - Central Jail,R357988
RPK1670,Bahawalpur - Darbal Mahal,R357988
RPK1752,Bahawalpur - Model Town A,R357988
RPK1656,Bahawalpur - Model Town B,R357988
RPK1710,Bahawalpur - Old City,R357988
RPK1636,Bahawalpur - Satellite Town,R357988
RPK1646,Bahawalpur - Shadrah,R357988
R80302758,Bani Gala,R357988
R80302424,Barakahu,R357988
R80302751,Barian,R357988
R80302559,Barjah,R357988
R80302767,Baseerpur,R357988
R80302626,Begowal,R357988
R80302441,Behal,R357988
R80302551,Bewal,R357988
R80302736,Bhabra,R357988
R80302756,Bhaddar,R357988
R80306596,Bhagtanwala,R357988
R80302717,Bhai Pheru,R357988
R80302443,Bhakkar,R357988
R80302564,Bhalwal,R357988
R80302702,Bhaun,R357988
R80302545,Bhawana,R357988
R80302735,Bhera,R357988
R80302480,Bhong,R357988
R80302682,Bhopalwala,R357988
R80302594,Bhowanj,R357988
R80302470,Bhung,R357988
R80302601,Bhurban,R357988
R80302549,Biddar Marjan,R357988
R80302587,Bindi,R357988
RPK42,Buchiana,R357988
R80302501,Bunga Hayyat,R357988
RPK16,Burewala,R357988
R80302452,Chachran Sharif,R357988
R80302585,Chak,R357988
R80302787,Chakwal,R357988
R80302456,Changa Manga,R357988
R80302615,Chashma,R357988
R80302656,Chawinda,R357988
R80302681,Chechian,R357988
R80302761,Cheenab Nagar,R357988
R80302510,Chela,R357988
R80302496,Chichawatni,R357988
R80302671,Chillianwala,R357988
RPK12,Chiniot,R357988
R80302488,Chishtian,R357988
R80302542,Chitti Sheikhan,R357988
R80302739,Choti,R357988
R80302446,Chowk Munda,R357988
R80302574,Chund Bharwana,R357988
R80302800,Cod Kala,R357988
R80302552,D.G Khan,R357988
R80302486,Dahranwala,R357988
R80302632,Daira Din Panah,R357988
R80302561,Daiwal,R357988
R80302629,Dajal,R357988
R80302777,Dalowali,R357988
R80302687,Dandot,R357988
R80302419,Daska,R357988
R80302602,Daud Khel,R357988
R80302775,Daultala,R357988
R80316270,Depalpur,R357988
R80302693,Dera Bakha,R357988
R80302444,Dera Faridi,R357988
R80302569,Dera Taj,R357988
R80302500,Dhannot,R357988
R80302477,Dharanwala,R357988
R80302421,Dhodak,R357988
R80302413,Dhoria,R357988
R80302439,Dhudial,R357988
R80302709,Dhunni,R357988
R80302704,Dijkot,R357988
R80302460,Dilawar Cheema,R357988
R80302742,Dina,R357988
R80302562,Dinga,R357988
R80302692,Din Garh,R357988
R80302729,Dodah,R357988
R80302431,Domel,R357988
R80302473,Dukki,R357988
RPK49,Dunga Bunga,R357988
RPK39,Dunyapur,R357988
R80302609,Duranpur,R357988
R80302435,Ellah Abad,R357988
R80302669,Faisalabad - Chak,R357988
RPK1675,Faisalabad Chak - Dasuha,R357988
R80306277,Faisalabad Chak - Jaranwala,R357988
RPK1673,Faisalabad Chak - Jhumra,R357988
RPK14,Faisalabad Chak - Khurianwala,R357988
R80302405,Faisalabad - City,R357988
RPK1692,Faisalabad City - Ghulam Muhammad Abad,R357988
R80302393,Faizabad,R357988
R80302781,Faqirwali,R357988
R80306622,Farooqa,R357988
R80302568,Fateh Jang,R357988
R80302660,Fazil Pur,R357988
R80302750,Feroz Watan,R357988
R80302789,Fortabbas,R357988
RPK1,Fort Abbas,R357988
R80302512,Gagoo Mandi,R357988
R80302700,Gailywal,R357988
R80302617,Gakhar Chanan,R357988
RPK37,Gangapur,R357988
R80302676,Garh Maharaja,R357988
R80302722,Garh Mahraja,R357988
R80302490,Garh More,R357988
R80302726,Garjakh,R357988
R80302664,Ghakka Mitter,R357988
R80302755,Ghakkar,R357988
R80302649,Ghaniaan,R357988
R80302791,Gharial,R357988
R80302611,Gharmala,R357988
R80302516,Ghazipur,R357988
R80302715,Ghunike,R357988
R80302599,Gohad Pur,R357988
RPK2,Gojra,R357988
R80302425,Gondal,R357988
R80302766,Gopalpur,R357988
R80302748,Gujar Khan,R357988
RPK1731,Gujranwala - Canal View Housing Scheme,R357988
RPK1689,Gujranwala - Citi Housing,R357988
R80302563,Gujranwala - City Area,R357988
RPK1665,Gujranwala - Civil Lines,R357988
RPK1747,Gujranwala - DC Colony,R357988
RPK1708,Gujranwala - Fareed Town,R357988
RPK1722,Gujranwala - Garden Town,R357988
RPK1709,Gujranwala - G Magnolia Park,R357988
RPK1698,Gujranwala - Gondla Wala Bazaar,R357988
RPK1683,Gujranwala - Green Valley,R357988
RPK1726,Gujranwala - Gulzar Colony,R357988
RPK1723,Gujranwala - Guru Nanakpura,R357988
RPK1649,Gujranwala - Industrial Estate 1,R357988
RPK1668,Gujranwala - Industrial Estate 2,R357988
RPK1688,Gujranwala - Jagna,R357988
RPK1701,Gujranwala - Master City Housing Scheme,R357988
RPK1718,Gujranwala - Model Town,R357988
RPK1721,Gujranwala - Mohalla Noor Bawa,R357988
RPK1695,Gujranwala - Peoples Colony,R357988
RPK1661,Gujranwala - Quaid E Azam Town,R357988
RPK1682,Gujranwala - Rahwali,R357988
R80302498,Gujranwala - Rahwali Cantonment,R357988
RPK1714,Gujranwala - Satellite Town,R357988
RPK1735,Gujranwala - Shaheenabad,R357988
RPK1733,Gujranwala - Shalimar Town,R357988
RPK1750,Gujranwala - University Town,R357988
RPK1703,Gujranwala - Wapda Town,R357988
R80302679,Gujrat,R357988
R80302570,Gullen Khel,R357988
R80302670,Gunna,R357988
R80302522,Hafizabad,R357988
R80302654,Haroonabad,R357988
R80302546,Haryawala,R357988
R80302450,Hasilpur,R357988
R80302782,Hassan Abdal,R357988
R80302513,Hazro,R357988
R80302475,Hidayatabad,R357988
R80302724,Hujra Shah Muqeem,R357988
R80302518,Hussain Abad,R357988
R80302620,Iskandarabad,R357988
RPK55,Jahanian,R357988
R80302703,Jalal Pur Bhattian,R357988
R80302734,Jalalpur Jattan,R357988
R80302519,Jamal Din Wali,R357988
R80302402,Jamalpur,R357988
R80302762,Jampur,R357988
R80302688,Jand,R357988
R80302652,Jasarwala,R357988
R80302434,Jassar,R357988
R80302556,Jhairanwala,R357988
R80306616,Jhal Chakian,R357988
R80302451,Jhang,R357988
R80302408,Jhanian,R357988
R80302784,Jhawarian,R357988
R80302747,Jhelum,R357988
R80302773,Joharabad,R357988
RPK50,Kabirwala,R357988
RPK15,Kahror Pakka,R357988
R80302455,Kahuta,R357988
R80302635,Kalabagh,R357988
R80302420,Kallar Sayedan,R357988
R80302472,Kaloor Kot,R357988
RPK10,Kamalia,R357988
R80302436,Kamar Mushani,R357988
R80302661,Kamoke,R357988
R80302523,Kamra,R357988
RPK38,Kanjwani,R357988
R80302530,Karianwala,R357988
R80302712,Karimpura,R357988
R80302689,Karmabad,R357988
R80302548,Kasur,R357988
R80302427,Khairpur Tamewali,R357988
R80302448,Khambi,R357988
R80302541,Khan Bella,R357988
R80302764,Khanewal,R357988
R80302508,Khan Garh,R357988
R80302606,Khanpur,R357988
R80302719,Khanqah Dogran,R357988
R80302411,Kharian,R357988
R80302623,Khaur,R357988
R80302487,Khawaja Gunj,R357988
R80302461,Khewra,R357988
R80302672,Khiali Shahpur,R357988
R80302535,Khurianwala,R357988
R80302651,Khushab,R357988
RPK4,Kot Addu,R357988
R80302618,Kot Chandna,R357988
R80302790,Kot Fateh Din,R357988
R80302403,Kotha,R357988
R80302479,Kot Haleem Khan,R357988
R80302502,Kot Khizri,R357988
R80302645,Kotla Arab Ali Khan,R357988
R80302642,Kotli Loharan,R357988
R80302503,Kot Mithan,R357988
R80302418,Kot Momen,R357988
R80306590,Kotmomin,R357988
R80302429,Kot Murad Khan,R357988
R80302631,Kot Nakka,R357988
R80302732,Kot Qutab,R357988
R80302760,Kot Rada Kishan,R357988
R80302469,Kot Samabha,R357988
R80302627,Kundian,R357988
RPK52,Kunjah,R357988
R80306631,Lahore - Abbot Road,R357988
R80302397,Lahore - Agrics,R357988
R80302511,Lahore - Askari,R357988
R80306634,Lahore - Badami Bagh,R357988
R80306640,Lahore - Baghbanpura,R357988
R80302727,Lahore - Bahria Town,R357988
R80306664,Lahore - Barki Road,R357988
R80306670,Lahore - Bata Pur,R357988
R80302531,Lahore - BOR Society,R357988
R80302401,Lahore - Canal City,R357988
R80302697,Lahore - Canal Garden,R357988
R80306678,Lahore - Cantt,R357988
R80306707,Lahore - Chaburji,R357988
R80302414,Lahore - Chung,R357988
R80302524,Lahore - Collage Road,R357988
R80306715,Lahore - Daroghawala,R357988
R80306722,Lahore - Davis Road,R357988
R80302737,Lahore - Defence,R357988
R80306728,Lahore - Defence Road Raiwind,R357988
R80302793,Lahore - DHA,R357988
R80306737,Lahore - Dharampura,R357988
R80302423,Lahore - Eden,R357988
R80302779,Lahore - Eden Value Home,R357988
R80306744,Lahore - Egerton Road,R357988
R80302471,Lahore - EME,R357988
R80306748,Lahore - Empress Road,R357988
R80302532,Lahore - Engineers Town,R357988
R80302543,Lahore - Faisal Town,R357988
R80302770,Lahore - Ferozpur Road,R357988
R80306771,Lahore - Garden Town,R357988
R80306786,Lahore - Garhi Shahu,R357988
R80302753,Lahore - Green Town,R357988
R80302412,Lahore - Gulberg,R357988
R80302754,Lahore - Gul-e-Daman,R357988
R80302462,Lahore - Gulshan-e-Ravi,R357988
R80306813,Lahore - Harbanspura,R357988
R80302458,Lahore - Iqbal Avenue,R357988
R80302769,Lahore - Iqbal Town,R357988
R80302731,Lahore - Izmir Town,R357988
R80306839,Lahore - Jail Road,R357988
R80306847,Lahore - Jallo,R357988
R80302400,Lahore - Johar Town,R357988
R80302600,Lahore - Judicial Colony,R357988
R80302705,Lahore - Kasoor Road,R357988
R80302638,Lahore - Khayaban-e-Jinnah Road,R357988
R80302493,Lahore - Kot Lakh Pat,R357988
R80306865,Lahore - Lawrence Road,R357988
R80306869,Lahore - Mall Road,R357988
R80306880,Lahore - Manawan,R357988
R80306885,Lahore - Mansoorah,R357988
R80306894,Lahore - Mcleod Road,R357988
R80302603,Lahore - Military Accounts,R357988
R80302683,Lahore - Model Town,R357988
R80306907,Lahore - Mozang,R357988
R80306921,Lahore - Mughulpura,R357988
R80302396,Lahore - Muhafiz Town,R357988
R80302525,Lahore - Nespak,R357988
R80302437,Lahore - Other,R357988
R80302624,Lahore - P&D Colony,R357988
R80302428,Lahore - Pak Arab Society,R357988
R80302690,Lahore - PCSIR Staff Colony,R357988
R80306946,Lahore - PIA Road PGECHS,R357988
R80302713,Lahore - PIA Society,R357988
R80302752,Lahore - Punjab Society,R357988
R80306948,Lahore - Railway Station,R357988
R80302438,Lahore - Raiwind Road,R357988
R80302575,Lahore - Rajpoot Town,R357988
R80306961,Lahore - Ravi Road,R357988
R80302527,Lahore - River View Society,R357988
R80302415,Lahore - Sabzazar,R357988
R80306970,Lahore - Salamat Pura,R357988
R80306981,Lahore - Samnabad,R357988
R80302433,Lahore - Sanda Islampura,R357988
R80307677,Lahore - Shad Bagh,R357988
R80307026,Lahore - Shadman,R357988
R80302468,Lahore - Shahbagh China Scheme,R357988
R80302743,Lahore - Shahdra,R357988
R80307030,Lahore - Shalimar Town,R357988
R80307041,Lahore - Sher Ali Road,R357988
R80307045,Lahore - Singh Pura,R357988
R80302759,Lahore - Sitara Colony,R357988
R80302610,Lahore - Sukh Chain Garden,R357988
R80302633,Lahore - Thokar Canal Road,R357988
R80307065,Lahore - Thokar Multan Road,R357988
R80302763,Lahore - Town Ship,R357988
R80302457,Lahore - Triocon Village,R357988
R80307072,Lahore - Upper Mall,R357988
R80307079,Lahore - Valencia,R357988
R80307085,Lahore - Wahdat Road,R357988
R80307098,Lahore - Walled City,R357988
R80307118,Lahore - Walton,R357988
R80302454,Lahore - Wapda Town,R357988
R80307121,Lahore - Yateem Khana,R357988
R80302447,Lahore - Zarar Shaheed Road,R357988
R80306612,Lak Mor,R357988
R80316271,Lala Musa,R357988
R80302453,Lalian,R357988
R80306610,Laliyan,R357988
R80302578,Layyah,R357988
R80302497,Liaquatpur,R357988
R80302730,Lodhran,R357988
R80302628,Lower Barian,R357988
R80302554,Lower Topa,R357988
R80302744,Luddhan,R357988
R80302526,Machiwala,R357988
RPK6,Mailsi,R357988
R80302521,Makhdoompur,R357988
R80302566,Malakwal,R357988
RPK45,Mamu Kanjan,R357988
R80302586,Mamun Kunjan,R357988
RPK1676,Mananwala,R357988
R80302757,Manawala,R357988
R80302557,Mandi Bhauddin,R357988
R80302426,Mandi Faiz Abad,R357988
R80302706,Mandra,R357988
R80306614,Mari Lak,R357988
R80302663,Mehmood Kot,R357988
RPK51,Mehra,R357988
R80302506,Mehrabad,R357988
R80302614,Mehray Wala,R357988
RPK34,Mian Channu,R357988
R80302657,Miani,R357988
R80302662,Mianwali,R357988
R80302768,Minchinabad,R357988
R80302691,Mirpur,R357988
R80306598,Mithalak,R357988
R80302796,Mithan Kot,R357988
R80302495,Mithankot Chachran Sharif,R357988
R80306604,Mitha Tiwana,R357988
R80302465,Mitran Wala,R357988
R80302474,Mitro,R357988
R80306624,Moazamabad,R357988
R80302478,Moazzamabad,R357988
R80302639,Moch,R357988
R80306618,Mona,R357988
R80306620,Mona Depot,R357988
R80302636,More Emin Abad,R357988
R80302485,Mubarakpur,R357988
R80302459,Muhammadpur,R357988
R80302723,Mulhal Mughlan,R357988
R80302795,Multan,R357988
R80302598,Muradabad,R357988
R80302659,Murad Wala,R357988
R80302637,Mureed,R357988
R80316272,Muridke,R357988
RPK47,Murid Wala,R357988
R80302604,Murree,R357988
R80302464,Muslimabad,R357988
R80302540,Mustafa Abad,R357988
R80302667,Muzaffargarh,R357988
R80302515,Nandipur,R357988
R80302684,Nandi Pur Town,R357988
R80302409,Nangal,R357988
R80302677,Nankana Sahib,R357988
R80302776,Narang Mandi,R357988
R80302711,Narowal,R357988
R80302655,Naseera,R357988
R80302785,Naudero,R357988
R80302780,Nawab Pur,R357988
R80302583,Nawan Jandanwala,R357988
R80302573,Nawan Kot,R357988
R80302621,Nawan Pind,R357988
R80302533,Niaz Nagar,R357988
R80302591,Nizamabad,R357988
R80302517,Noonan Wali,R357988
R80302410,Noor Jamal,R357988
R80302534,Noor Kot,R357988
R80302484,Nowshera Virkan,R357988
RPK1659,Okara - Cantt,R357988
RPK1707,Okara - Central City,R357988
RPK1727,Okara - Depalpur,R357988
RPK1734,Okara - Govt Colony,R357988
RPK1647,Okara - Jawad Avenue,R357988
R80302550,Okara - Main City,R357988
RPK1644,Okara - Renala,R357988
RPK1635,Okara - South City,R357988
R80302582,Padhrar,R357988
R80302607,Pak Pattan,R357988
R80302622,Pasroor,R357988
RPK40,Pattoki,R357988
R80302579,Phalia,R357988
R80302728,Phularwan,R357988
R80302708,Pind Dadan Khan,R357988
R80302716,Pind Gheb,R357988
RPK11,Pindi Bhattian,R357988
R80302584,Pindi Gheb,R357988
R80302571,Pindi Gujran,R357988
R80302648,Pir Ghani,R357988
R80302673,Pirmahal,R357988
R80302577,Pir Mahal,R357988
R80302634,Puran,R357988
R80302392,Qadir Abad,R357988
R80302395,Qadir Pur,R357988
R80302720,Qadir Pur Rawan,R357988
R80306602,Qaidabad,R357988
R80302520,Qasba Gujrat,R357988
R80302417,Qasim Bela,R357988
R80302553,Qasim Pur,R357988
R80302792,Qila Daidar Singh Town,R357988
R80302746,Qila Didar Singh,R357988
R80302595,Qila Kalar Wala,R357988
R80302416,Qila Ram Rang,R357988
R80302745,Qila Sahib Singh,R357988
R80302640,Qudratabad,R357988
R80302678,Rahimabad,R357988
R80302699,Rahim Yar Khan,R357988
R80302597,Raiwind,R357988
R80302537,Rajana,R357988
R80302685,Rajanpur,R357988
R80302674,Rajar,R357988
R80302567,Raj Kot,R357988
R80302589,Rana Wahan,R357988
R80302509,Rangoo,R357988
R80302694,Rang Shah,R357988
R80302612,Rani Pur,R357988
R80302686,Ratta Bajwa,R357988
R80302788,Rawalpindi - Adyala,R357988
R80302555,Rawalpindi - Aghosh Housing Society,R357988
R80302653,Rawalpindi - Airport Society,R357988
R80302494,Rawalpindi - Bahria Town,R357988
R80302665,Rawalpindi - CBR Town,R357988
R80302536,Rawalpindi - Chaklala,R357988
R80302619,Rawalpindi - DHA,R357988
R80302707,Rawalpindi - Dhamyal,R357988
R80302505,Rawalpindi - Dhok Gangal,R357988
R80302466,Rawalpindi - Dhok Kala Khan,R357988
R80302476,Rawalpindi - Emaar Housing Society,R357988
R80302514,Rawalpindi - Fizaiya Colony,R357988
R80302733,Rawalpindi - Gulberg Green,R357988
R80302483,Rawalpindi - Gulberg Residencia,R357988
R80302449,Rawalpindi - Gulraiz,R357988
RPK1749,Rawalpindi - Humak,R357988
RPK1740,Rawalpindi - IJP Road,R357988
RPK1640,Rawalpindi - Jinnah Garden,R357988
RPK1633,Rawalpindi - Khanna,R357988
RPK1729,Rawalpindi - Korang Town,R357988
RPK1706,Rawalpindi - Kuri Road,R357988
RPK1744,Rawalpindi - Lalkurti,R357988
RPK1693,Rawalpindi - Lohi Bhair,R357988
RPK1666,Rawalpindi - Media Town,R357988
RPK1732,Rawalpindi - Model Town,R357988
R80302432,Rawalpindi - Muree Road,R357988
RPK1638,Rawalpindi - Muslim Town,R357988
RPK1720,Rawalpindi - National Police Foundation,R357988
RPK1702,Rawalpindi - Naval Anchorage,R357988
RPK1643,Rawalpindi - Pakistan Town,R357988
RPK1691,Rawalpindi - Peshawar Road,R357988
RPK1658,Rawalpindi - PWD,R357988
RPK1641,Rawalpindi - Raja Bazar,R357988
R80302741,Rawalpindi - Rawat,R357988
RPK1694,Rawalpindi - Saddar,R357988
R80302774,Rawalpindi - Sadiqabad,R357988
R80302725,Rawalpindi - Satellite Town,R357988
RPK1684,Rawalpindi - Soan Garden,R357988
RPK1712,Rawalpindi - Tench,R357988
RPK1671,Rawalpindi - Zia Masjid,R357988
R80302560,Rehmat Abad,R357988
R80302799,Sadiqabad,R357988
R80302786,Sagri,R357988
R80302565,Sahiwal,R357988
RPK46,Sahuwala,R357988
R80302576,Sambrial,R357988
R80302721,Samundari,R357988
R80302491,Sanawan,R357988
RPK13,Sangla Hill,R357988
R80302399,Sarai Alamgir,R357988
R80302407,Sargodha,R357988
R80302430,Shadan Lund,R357988
R80302539,Shahdara,R357988
R80306600,Shaheeenabad,R357988
R80302794,Shah Nal,R357988
R80302492,Shahpur,R357988
R80306606,Shahpur City,R357988
R80302558,Shahpur Jahania,R357988
R80306608,Shahpur Sadar,R357988
RPK1704,Shakar Garh,R357988
R80302442,Shamaspur,R357988
R80302625,Sheikhupura,R357988
R80302596,Sheikhupura - Farooqabad,R357988
R80302581,Sherpur,R357988
R80302701,Shinka,R357988
RPK41,Shorkot,R357988
R80302740,Shujaabad,R357988
R80302482,Sialkot,R357988
R80302507,Silanwali,R357988
R80306594,Sillanwali,R357988
R80302538,Sohawa,R357988
RPK7,Talagang,R357988
R80302698,Talwandi,R357988
RPK35,Tandlian Wala,R357988
R80302590,Tarbela Dam,R357988
R80302404,Tarnol,R357988
R80302445,Taxila,R357988
R80302668,Thaneel Fatoohi,R357988
R80302406,Toba Tek Singh,R357988
R80302771,Tulamba,R357988
R80302616,Uch Sharif,R357988
R80302650,Ugoki,R357988
R80302797,Upper Topa,R357988
R80302710,Vanjari,R357988
R80302695,Vehari,R357988
R80302718,Wagah,R357988
R80302504,Wagowal,R357988
R80302499,Wah,R357988
R80302467,Wah Cantt,R357988
R80302572,Waisa,R357988
R80302481,Wasu,R357988
R80302613,Wazirabad,R357988
R80302765,Yazman,R357988
R80302714,Yousaf Wala,R357988
R80302528,Zafar Wal,R357988
R80302630,Zahir Pir,R357988
