ID,TITLE,PARENTID
R80306860,Airline Society,R80302638
R80303966,Audit Accounts Society,R80302638
R80303967,AWT Phase 2,R80302638
R80303972,Bahria Orchard,R80302638
R80303970,Gulshan e Lahore,R80302638
R80303968,Khayban-e-Amin,R80302638
R80303969,Lake City,R80302638
R80306862,Nasheman-e-iqbal Phase 1,R80302638
R80306861,OPF Society,R80302638
R80303971,Shareef Medical Jati Umra,R80302638
R80303973,Tariq Gardens,R80302638
R80306863,Tariq Ismail Road,R80302638
R80303964,UET Society,R80302638
R80303965,Valencia Town,R80302638
