ID,TITLE,PARENTID
R80306754,Phase 1,R80302532
R80303703,Phase 3 Block A,R80302532
R80303688,Phase 3 Block A 1,R80302532
R80303699,Phase 3 Block A 2,R80302532
R80303692,Phase 3 Block A 3,R80302532
R80303694,Phase 3 Block B,R80302532
R80303690,Phase 3 Block B 1,R80302532
R80303700,Phase 3 Block B 2,R80302532
R80303689,Phase 3 Block B 3,R80302532
R80303704,Phase 3 Block C,R80302532
R80303691,Phase 3 Block C 1,R80302532
R80303696,Phase 3 Block C 2,R80302532
R80303695,Phase 3 Block C 3,R80302532
R80303708,Phase 3 Block D,R80302532
R80303701,Phase 3 Block D 1,R80302532
R80303702,Phase 3 Block D 2,R80302532
R80303705,Phase 3 Block E,R80302532
R80303693,Phase 3 Block E 1,R80302532
R80303697,Phase 3 Block E 2,R80302532
R80303707,Phase 3 Block E 3,R80302532
R80303706,Phase 3 Block E 4,R80302532
R80303698,Phase 3 Block E 5,R80302532
