ID,TITLE,PARENTID
R80307059,Alpha Society,R80302633
R80307060,Canal View,R80302633
R80303955,DHA Rehber Phase 11,R80302633
R80307051,Doctors Society,R80302633
R80307050,Eden Canal Villas,R80302633
R80307056,Green Fort 2,R80302633
R80307064,Gul Bahar Colony,R80302633
R80307062,Hanjarwal Road,R80302633
R80307052,Jubilee Town,R80302633
R80303956,New Shaheen Block Bahria,R80302633
R80303957,P&D Apara Housing Society,R80302633
R80307057,Pine Villas,R80302633
R80307055,Rail Town,R80302633
R80307061,Samsani Road,R80302633
R80307053,Shahkam Chowk,R80302633
R80303958,Sultan Town,R80302633
R80307058,Tech Society,R80302633
R80307063,Tricon Village,R80302633
R80307054,University of Lahore,R80302633
R80303959,Westwood Colony,R80302633
