ID,TITLE,PARENTID
R80307007,Amir Road,R80302468
R80303544,Badami Bagh,R80302468
R80307020,Baghat Pura,R80302468
R80307010,Bhogi Wall,R80302468
R80307005,Chahmiran,R80302468
R80307002,Chamra Mandi,R80302468
R80307019,China Scheme,R80302468
R80307013,Fazal Park 1,R80302468
R80307014,Fazal Park 2,R80302468
R80307017,Ghoray Shah,R80302468
R80307009,Goal Bagh,R80302468
R80307018,Gujjar Pura,R80302468
R80307015,Iqbal Road,R80302468
R80307012,Jani Pura,R80302468
R80307004,Kachupura,R80302468
R80307011,Kot Khawaja Saeed,R80302468
R80307022,Misri Shah,R80302468
R80307003,Nakhuda Chowk,R80302468
R80307016,Neelam Cinema,R80302468
R80303545,Sadiqia Colony,R80302468
R80303546,Salamat Pura,R80302468
R80307006,Sher Shah Road,R80302468
R80307023,Sultan Pura,R80302468
R80307024,Swami Nagar,R80302468
R80307025,Taj Pura,R80302468
R80307008,Tokay Wala Chowk,R80302468
R80303547,Walled City Lahore,R80302468
R80307021,Wasan Pura,R80302468
