ID,TITLE,PARENTID
R80307107,Akbari Gate,R80307098
R80307115,Azam Cloth Market,R80307098
R80307100,Bhati Gate,R80307098
R80307116,Chona Mandi,R80307098
R80307108,Dehli Gate,R80307098
R80307111,Kashmiri Gate,R80307098
R80307102,Lohari Gate,R80307098
R80307112,Masti Gate,R80307098
R80307106,Mochi Gate,R80307098
R80307101,Mori Gate,R80307098
R80307113,Moti Bazar,R80307098
R80307117,Nolakha Bazar,R80307098
R80307105,Pani Wala Talab,R80307098
R80307104,Rang Mahal,R80307098
R80307114,Sarafa Bazar,R80307098
R80307103,Shah Alam Market,R80307098
R80307110,Sheran Wala Gate,R80307098
R80307099,Taxali Gate,R80307098
R80307109,Yakki Gate,R80307098
