ID,TITLE,PARENTID
R80307669,Bara Sanda,R80302433
R80303424,Chaburji,R80302433
R80306997,Chohan Road,R80302433
R80303420,Chota Sanda,R80302433
R80303427,Dev Samajh Road,R80302433
R80303428,Govt.College University,R80302433
R80306995,Haider Road,R80302433
R80306996,Heran Road,R80302433
R80303421,Islampura,R80302433
R80307000,Krishan Nagar,R80302433
R80306993,MAO College,R80302433
R80306999,National Town,R80302433
R80303425,Outfall Road,R80302433
R80306998,Prem Nagar,R80302433
R80303429,Rajghar,R80302433
R80303422,Rewarz Garden,R80302433
R80303430,Rewaz Garden,R80302433
R80303423,Sanat Nagar,R80302433
R80307001,Sanda Road,R80302433
R80303426,Shamnagar,R80302433
R80306994,Umer Road,R80302433
