ID,TITLE,PARENTID
R80306661,Akhtar Saeed Medical and Dental College,R80302727
R80306662,Akhtar Saeed Medical Hostel,R80302727
R80306650,Ali Block,R80302727
R80304225,Awais Qarni Block,R80302727
R80304227,Babar Block,R80302727
R80306654,Bahria Grand Mosque,R80302727
R80306653,Bahria Homes,R80302727
R80306659,Chambelli Block,R80302727
R80306652,Executive Lodges,R80302727
R80306651,Gardenia Block,R80302727
R80304233,Ghori Block,R80302727
R80304239,Gulbahar Block,R80302727
R80306658,Gulmohar Block,R80302727
R80306660,Hussain Block,R80302727
R80304232,Iqbal Block,R80302727
R80304234,Iris Block,R80302727
R80304224,Jasmine Block,R80302727
R80306656,Johar Block,R80302727
R80304230,Juniper Block,R80302727
R80304240,Meadows Block,R80302727
R80304229,Nargis Block,R80302727
R80306663,New Shaheen Block,R80302727
R80304243,Nishter Block,R80302727
R80304241,Overseas A,R80302727
R80304231,Overseas AA,R80302727
R80304235,Overseas BB,R80302727
R80304238,Overseas B Extension,R80302727
R80306655,Overseas CC,R80302727
R80304223,Quaid-e-Azam Block,R80302727
R80304236,Safari Block,R80302727
R80304226,Shaheen Block,R80302727
R80304237,Spring Block,R80302727
R80304242,Takbeer Block,R80302727
R80304228,Tulip Block,R80302727
R80306657,Tulip Extension,R80302727
R80304244,Umer Block,R80302727
R80306649,Usman Block,R80302727
