ID,TITLE,PARENTID
R80306828,Amir Town,R80306813
R80306819,Canal Bank Housing Society,R80306813
R80306820,Canal Point Housing Society,R80306813
R80306821,Fatehgarh,R80306813
R80306816,Hajveri Scheme,R80306813
R80306815,Harbanspura,R80306813
R80306814,Lahore Press Club Housung Society,R80306813
R80306823,Maher Fayaz Colony,R80306813
R80306829,Moiz Town,R80306813
R80306822,Muslimabad,R80306813
R80306817,Nawab Pura,R80306813
R80306818,Pepsi Stop,R80306813
R80314529,Rehman Garden Phase 1,R80306813
R80306824,Sami Town,R80306813
R80306825,Taj Bagh Phase 1,R80306813
R80306826,Taj Bagh Phase 2,R80306813
R80306827,Taj Bagh Phase 3,R80306813
