ID,TITLE,PARENTID
R80306934,Ayaz Town,R80306921
R80306931,Fatehgarh Road,R80306921
R80306932,Ghaziabad,R80306921
R80306929,Ghulshan Park,R80306921
R80306924,Gunj Bazar,R80306921
R80306926,Lahore Dry Port,R80306921
R80306928,Lalpul,R80306921
R80306927,Larex Colony 4,R80306921
R80306939,M.E.T 1,R80306921
R80306940,M.E.T 2,R80306921
R80306923,Madni Colony,R80306921
R80306937,Mughulpura,R80306921
R80306941,Mughulpura Canal Road,R80306921
R80306935,Nabi Pura,R80306921
R80306936,Naya Pull,R80306921
R80306925,Ram Gar Bazar,R80306921
R80316205,Sahowari Road,R80306921
R80306938,Shah Jahan Road,R80306921
R80316203,Shalamar Hospital,R80306921
R80306922,Shalimar Link Road,R80306921
R80306930,Sunny View Park,R80306921
R80306933,Taj Pura,R80306921
