ID,TITLE,PARENTID
R80307680,Amir Road,R80307677
R80307679,Baghat Pura,R80307677
R80307678,Bhogi Wall,R80307677
R80307694,Chahmiran,R80307677
R80307689,Chamra Mandi,R80307677
R80307695,China Scheme,R80307677
R80307681,Fazal Park 1,R80307677
R80307682,Fazal Park 2,R80307677
R80307686,Ghoray Shah,R80307677
R80307687,Goal Bagh,R80307677
R80307685,Gujjar Pura,R80307677
R80307684,Iqbal Road,R80307677
R80307688,Jani Pura,R80307677
R80307701,Kachupura,R80307677
R80307699,Kot Khawaja Saeed,R80307677
R80307700,Misri Shah,R80307677
R80307693,Nakhuda Chowk,R80307677
R80307691,Neelam Cinema,R80307677
R80307690,Sher Shah Road,R80307677
R80307696,Sultan Pura,R80307677
R80307683,Swami Nagar,R80307677
R80307692,Taj Pura,R80307677
R80307698,Tokay Wala Chowk,R80307677
R80316217,Umer Din Road,R80307677
R80307697,Wassan Pura,R80307677
