ID,TITLE,PARENTID
R80307663,Ali Park Bedian Road,R80302793
R80306725,Bankers Society,R80302793
R80314524,Cantt View,R80302793
R80307667,Elite Town,R80302793
R80306724,Formanites Housing Society,R80302793
R80306727,HBFC Housing Society,R80302793
R80307713,Iqbal Park,R80302793
R80307668,KB Colony,R80302793
R80314541,New Iqbal Park,R80302793
R80307670,New Super Town,R80302793
R80307664,Nishat Colony,R80302793
R80306726,Pace Woodlands,R80302793
R80304455,Phase 1,R80302793
R80304456,Phase 2,R80302793
R80304457,Phase 3,R80302793
R80304458,Phase 4,R80302793
R80304459,Phase 5,R80302793
R80304452,Phase 6,R80302793
R80304453,Phase 7,R80302793
R80304454,Phase 8,R80302793
R80316046,Phase 9,R80302793
R80307666,State Life Society,R80302793
R80307665,Sui Gas Society,R80302793
R80314525,Super Town,R80302793
