ID,TITLE,PARENTID
R80306834,Al Hamd Colony,R80302769
R80304395,Asif Block,R80302769
R80304381,Badar Block,R80302769
R80306830,Chanab Block,R80302769
R80304383,College Block,R80302769
R80304393,Gulshan Block,R80302769
R80304386,Huma Block,R80302769
R80304380,Hunza Block,R80302769
R80304396,Jahanzaib Block,R80302769
R80304385,Kamran Block,R80302769
R80304398,Kareem Block,R80302769
R80304400,Kashmir Block,R80302769
R80306831,Khyber Block,R80302769
R80304388,Mehran Block,R80302769
R80306833,Muslim Block,R80302769
R80306832,Najaf Colony,R80302769
R80304391,Nargis Block,R80302769
R80304392,Neelam Block,R80302769
R80304389,Neezam Block,R80302769
R80304384,Nishter Block,R80302769
R80304382,Pak Block,R80302769
R80304379,Rachna Block,R80302769
R80304394,Ravi Block,R80302769
R80304397,Raza Block,R80302769
R80304387,Satluj Iqbal,R80302769
R80304399,Sikandar Block,R80302769
R80304390,Umer Block,R80302769
R80304378,Zeenat Block,R80302769
