ID,TITLE,PARENTID
R80304113,Block A,R80302683
R80304107,Block B,R80302683
R80304120,Block C,R80302683
R80304109,Block D,R80302683
R80304108,Block E,R80302683
R80304119,Block F,R80302683
R80304114,Block G,R80302683
R80304121,Block H,R80302683
R80304122,Block J,R80302683
R80304106,Block K,R80302683
R80304115,Block L,R80302683
R80304110,Block M,R80302683
R80304117,Block N,R80302683
R80304116,Block P,R80302683
R80304112,Block Q,R80302683
R80304118,Block R,R80302683
R80304111,Block S,R80302683
R80307714,Kosar Colony,R80302683
R80306905,Model Town Link Road,R80302683
R80306906,PGECHS,R80302683
