ID,TITLE,PARENTID
R80304332,Block A,R80302752
R80304333,Block B,R80302752
R80304340,Block C,R80302752
R80304337,Block D,R80302752
R80307702,Block E,R80302752
R80307703,Block F 1,R80302752
R80304334,Phase 1 Block A 1,R80302752
R80304338,Phase 1 Block A 2,R80302752
R80304336,Phase 1 Block A 3,R80302752
R80304323,Phase 1 Block A 4,R80302752
R80304331,Phase 1 Block A 5,R80302752
R80304339,Phase 1 Block B 1,R80302752
R80304326,Phase 1 Block B 2,R80302752
R80304341,Phase 1 Block B 3,R80302752
R80304325,Phase 1 Block C 2,R80302752
R80304335,Phase 1 Block R,R80302752
R80304330,Phase 2 Block A,R80302752
R80304327,Phase 2 Block B,R80302752
R80304328,Phase 2 Block C,R80302752
R80304324,Phase 2 Block D,R80302752
R80304329,Phase 2 Block E,R80302752
