ID,TITLE,PARENTID
R80306804,Cavalary Ground,R80302412
R80306803,Fatehabad,R80302412
R80306800,Gulbahar Colony,R80302412
R80303340,Gulberg 2 Block A,R80302412
R80303333,Gulberg 2 Block B,R80302412
R80303367,Gulberg 2 Block C,R80302412
R80303332,Gulberg 2 Block D,R80302412
R80303359,Gulberg 2 Block E,R80302412
R80303354,Gulberg 2 Block F,R80302412
R80303331,Gulberg 2 Block G,R80302412
R80303317,Gulberg 2 Block H,R80302412
R80303335,Gulberg 2 Block J,R80302412
R80303344,Gulberg 2 Block K,R80302412
R80303339,Gulberg 2 Block L,R80302412
R80303341,Gulberg 2 Block M,R80302412
R80303327,Gulberg 2 Block N,R80302412
R80303356,Gulberg 2 Block P,R80302412
R80303325,Gulberg 2 Block Q,R80302412
R80303364,Gulberg 2 Block R,R80302412
R80303365,Gulberg 2 Block S,R80302412
R80303318,Gulberg 2 Block T,R80302412
R80306805,Gulberg 2 Kashmir Road,R80302412
R80303353,Gulberg 3 Block A 1,R80302412
R80303349,Gulberg 3 Block A 2,R80302412
R80303363,Gulberg 3 Block A 3,R80302412
R80303371,Gulberg 3 Block B 1,R80302412
R80303326,Gulberg 3 Block B 2,R80302412
R80303342,Gulberg 3 Block B 3,R80302412
R80303321,Gulberg 3 Block C 1,R80302412
R80303328,Gulberg 3 Block C 2,R80302412
R80303323,Gulberg 3 Block C 3,R80302412
R80303348,Gulberg 3 Block D 1,R80302412
R80303337,Gulberg 3 Block D 2,R80302412
R80303329,Gulberg 3 Block D 3,R80302412
R80303324,Gulberg 3 Block E 1,R80302412
R80303315,Gulberg 3 Block E 2,R80302412
R80303370,Gulberg 3 Block E 3,R80302412
R80303369,Gulberg 3 Block G,R80302412
R80303319,Gulberg 3 Block H,R80302412
R80303343,Gulberg 3 Block J,R80302412
R80303358,Gulberg 3 Block K,R80302412
R80303350,Gulberg 3 Block L,R80302412
R80303360,Gulberg 3 Block M,R80302412
R80303362,Gulberg 3 Block N,R80302412
R80303316,Gulberg 3 Block P,R80302412
R80303352,Gulberg 3 Falcon Complex,R80302412
R80303366,Gulberg 3 Firdous Market,R80302412
R80306807,Gulberg 3 Gopal Nagar,R80302412
R80306806,Gulberg 3 GOR 6,R80302412
R80306808,Gulberg 3 Hafeez Centre,R80302412
R80303355,Gulberg 4 FCC,R80302412
R80303330,Gulberg 4 FCC Kachi Basti,R80302412
R80303345,Gulberg 4 Old FCC,R80302412
R80303357,Gulberg 5 Aziz Avenue,R80302412
R80303346,Gulberg 5 Bridge Colony,R80302412
R80303334,Gulberg 5 Bridge Line,R80302412
R80303320,Gulberg 5 Ghos-e-Azam Colony,R80302412
R80303351,Gulberg 5 Zafar Ali Road,R80302412
R80303368,Gulberg Guru Mangat Road,R80302412
R80306797,Hussainabad,R80302412
R80303336,Khan Colony,R80302412
R80306801,Madina Colony,R80302412
R80303347,Main Gullberg,R80302412
R80306799,Makkah Colony,R80302412
R80303322,Mini Market,R80302412
R80303361,M M Alam Road,R80302412
R80306798,Qasim Pura,R80302412
R80303338,St. Francis Colony,R80302412
R80306802,Sultan Park,R80302412
