ID,TITLE,PARENTID
R80306956,Abdul Sattar Edhi Road,R80302438
R80303466,Airline Society,R80302438
R80303467,Ali Raza Abad Rawind Road,R80302438
R80303468,Ali Town,R80302438
R80303462,Architect Society,R80302438
R80307661,AWT Phase 2,R80302438
R80307662,Bahria Orchard,R80302438
R80306958,Bhoptian Chowk,R80302438
R80307676,Chanar Bagh,R80302438
R80303461,Dream Garden,R80302438
R80303463,Dubai Town,R80302438
R80307704,Eden Palace Villas,R80302438
R80306957,Green Fort,R80302438
R80314523,Lake City,R80302438
R80306955,Nawab Town,R80302438
R80303464,OPF Society,R80302438
R80306959,Shabbir Town,R80302438
R80307660,Shareef Medical Jati Umra,R80302438
R80303465,Sher Shah Colony,R80302438
R80315920,Sultan Town,R80302438
R80306960,Sundar Industrial Estate,R80302438
