ID,TITLE,PARENTID
R80304409,Anum Road,R80302770
R80304406,Asif Town,R80302770
R80304405,Attari Industial Area,R80302770
R80306767,Attari Saroba,R80302770
R80306761,Awan Market,R80302770
R80306770,Bank Stop,R80302770
R80306765,Chandrai Road,R80302770
R80306757,Chungi Amar Sidhu,R80302770
R80306762,Descon,R80302770
R80304407,Dhulu Khurd,R80302770
R80304403,Gajumata,R80302770
R80304408,General Hospital,R80302770
R80306763,Glaxo Town,R80302770
R80304412,Green Caps,R80302770
R80306764,Hamza Town,R80302770
R80306768,Ichrah,R80302770
R80306766,Kacha Jail Road,R80302770
R80304410,Nishtar Colony,R80302770
R80314527,Oqaf Colony,R80302770
R80304411,Qainchi,R80302770
R80314526,Qasori Road,R80302770
R80304401,Rohi Nala Industrial,R80302770
R80304413,Saroba Gardens,R80302770
R80304402,Sattelite Town,R80302770
R80304404,Shadab Colony,R80302770
R80306769,Shama Road,R80302770
R80306758,Sofia Abad,R80302770
R80306759,Supreme Villas,R80302770
R80306756,Venus Housing Scheme,R80302770
R80306760,Youhanabad,R80302770
