ID,TITLE,PARENTID
R80306689,Abdulrehman Road Lahore Cantt,R80306678
R80306680,Abid Majeed Road Lahore Cantt,R80306678
R80306684,Arif Jan Road Lahore Cantt,R80306678
R80306690,Asad Jan Road Lahore Cantt,R80306678
R80306679,Aziz Bhatti Road Lahore Cantt,R80306678
R80306687,Bagh Ali Road Lahore Cantt,R80306678
R80306691,CMH,R80306678
R80306682,Khursheed Alam Road Cantt,R80306678
R80306685,Munir Road Lahore Cantt,R80306678
R80306696,R.A Bazar,R80306678
R80306697,Sadar Cantt,R80306678
R80306692,Sarfraz Rafiqui Road,R80306678
R80306688,Sarwar Colony,R80306678
R80306681,Sarwar Road Lahore Cantt,R80306678
R80306694,Shami Road Lahore Cantt,R80306678
R80306683,Tariq Road Lahore Cantt,R80306678
R80306695,Tufail Road Lahore Cantt,R80306678
R80306686,Zafar Road Lahore Cantt,R80306678
