ID,TITLE,PARENTID
PKB1,Awaran,PKB
PKB2,Barkhan,PKB
PKB3,Chaman,PKB
PKB4,Dalbandin,PKB
PKB5,Dera Allahyar,PKB
PKB6,Dera Bugti,PKB
PKB7,Dera Murad Jamali,PKB
PKB8,Dhadar,PKB
PKB9,Gwadar,PKB
PKB10,Harnai,PKB
PKB11,Hub,PKB
PKB12,Jafarabad,PKB
PKB13,Kallat,PKB
PKB14,Kanozai,PKB
PKB15,Kharan,PKB
PKB16,Khuzdar,PKB
PKB17,Kohlu,PKB
PKB18,Kuchlak,PKB
PKB19,Lasbela,PKB
PKB20,Loralai,PKB
PKB21,Mastung,PKB
PKB22,Miri Kalat Kech,PKB
PKB23,Mithani,PKB
PKB24,Muslim Bagh,PKB
PKB25,Nushki,PKB
PKB26,Panj Gur,PKB
PKB27,Pasni,PKB
PKB28,Pishin,PKB
PKB29,Qila Abdullah,PKB
PKB30,Qila Saifullah,PKB
PKB31,Quetta - Airport,PKB
PKB32,Quetta - Alamdar Road,PKB
PKB33,Quetta - Bazaar Area,PKB
PKB34,Quetta - Brewery Road,PKB
PKB35,Quetta - Cantt,PKB
PKB36,Quetta - Nawakilli,PKB
PKB37,Quetta - Pishin Stop,PKB
PKB38,Quetta - Samungli,PKB
PKB39,Quetta - Sariab,PKB
PKB40,Quetta - Sattlite Town,PKB
PKB41,Quetta - Zarghoon Road,PKB
PKB42,Sibbi,PKB
PKB43,Sorab,PKB
PKB44,Sui,PKB
PKB45,Taftan,PKB
PKB46,Turbat,PKB
PKB47,Usta Mohammad,PKB
PKB48,Uthal,PKB
PKB49,Winder,PKB
PKB50,Zhob,PKB
PKB51,Zia Abad,PKB
PKB52,Ziarat,PKB
