ID,TITLE,PARENTID
PKP1,Abdul Hakim,PKP
PKP2,Adamke Cheema,PKP
PKP3,Adam Wehain,PKP
PKP4,Ahmadpur East,PKP
PKP5,Ahsanpur,PKP
PKP6,Alipur,PKP
PKP7,Ali Pur Chattha,PKP
PKP8,Amara Kalan,PKP
PKP9,Aminabad,PKP
PKP10,Amin Garh,PKP
PKP11,Aminpur Bangla,PKP
PKP12,Arif Wala,PKP
PKP13,Aroop Town,PKP
PKP14,Attock,PKP
PKP15,Attowala,PKP
PKP16,Awagat,PKP
PKP17,Baddomalhi,PKP
PKP18,Badiana,PKP
PKP19,Baglow Yatimwala,PKP
PKP20,Bagwal Awan,PKP
PKP21,Bahawal Garh,PKP
PKP22,Bahawalnagar,PKP
PKP23,Bahawalpur,PKP
PKP24,Bahawalpur - Central Jail,PKP
PKP25,Bahawalpur - Darbal Mahal,PKP
PKP26,Bahawalpur - Model Town A,PKP
PKP27,Bahawalpur - Model Town B,PKP
PKP28,Bahawalpur - Old City,PKP
PKP29,Bahawalpur - Satellite Town,PKP
PKP30,Bahawalpur - Shadrah,PKP
PKP31,Bani Gala,PKP
PKP32,Barakahu,PKP
PKP33,Barian,PKP
PKP34,Barjah,PKP
PKP35,Baseerpur,PKP
PKP36,Begowal,PKP
PKP37,Behal,PKP
PKP38,Bewal,PKP
PKP39,Bhabra,PKP
PKP40,Bhaddar,PKP
PKP41,Bhagtanwala,PKP
PKP42,Bhai Pheru,PKP
PKP43,Bhakkar,PKP
PKP44,Bhalwal,PKP
PKP45,Bhaun,PKP
PKP46,Bhawana,PKP
PKP47,Bhera,PKP
PKP48,Bhong,PKP
PKP49,Bhopalwala,PKP
PKP50,Bhowanj,PKP
PKP51,Bhung,PKP
PKP52,Bhurban,PKP
PKP53,Biddar Marjan,PKP
PKP54,Bindi,PKP
PKP55,Buchiana,PKP
PKP56,Bunga Hayyat,PKP
PKP57,Burewala,PKP
PKP58,Chachran Sharif,PKP
PKP59,Chak,PKP
PKP60,Chakwal,PKP
PKP61,Changa Manga,PKP
PKP62,Chashma,PKP
PKP63,Chawinda,PKP
PKP64,Chechian,PKP
PKP65,Cheenab Nagar,PKP
PKP66,Chela,PKP
PKP67,Chichawatni,PKP
PKP68,Chillianwala,PKP
PKP69,Chiniot,PKP
PKP70,Chishtian,PKP
PKP71,Chitti Sheikhan,PKP
PKP72,Choti,PKP
PKP73,Chowk Munda,PKP
PKP74,Chund Bharwana,PKP
PKP75,Cod Kala,PKP
PKP76,D.G Khan,PKP
PKP77,Dahranwala,PKP
PKP78,Daira Din Panah,PKP
PKP79,Daiwal,PKP
PKP80,Dajal,PKP
PKP81,Dalowali,PKP
PKP82,Dandot,PKP
PKP83,Daska,PKP
PKP84,Daud Khel,PKP
PKP85,Daultala,PKP
PKP86,Depalpur,PKP
PKP87,Dera Bakha,PKP
PKP88,Dera Faridi,PKP
PKP89,Dera Taj,PKP
PKP90,Dhannot,PKP
PKP91,Dharanwala,PKP
PKP92,Dhodak,PKP
PKP93,Dhoria,PKP
PKP94,Dhudial,PKP
PKP95,Dhunni,PKP
PKP96,Dijkot,PKP
PKP97,Dilawar Cheema,PKP
PKP98,Dina,PKP
PKP99,Dinga,PKP
PKP100,Din Garh,PKP
PKP101,Dodah,PKP
PKP102,Domel,PKP
PKP103,Dukki,PKP
PKP104,Dunga Bunga,PKP
PKP105,Dunyapur,PKP
PKP106,Duranpur,PKP
PKP107,Ellah Abad,PKP
PKP108,Faisalabad - Chak,PKP
PKP109,Faisalabad Chak - Dasuha,PKP
PKP110,Faisalabad Chak - Jaranwala,PKP
PKP111,Faisalabad Chak - Jhumra,PKP
PKP112,Faisalabad Chak - Khurianwala,PKP
PKP113,Faisalabad - City,PKP
PKP114,Faisalabad City - Ghulam Muhammad Abad,PKP
PKP115,Faizabad,PKP
PKP116,Faqirwali,PKP
PKP117,Farooqa,PKP
PKP118,Fateh Jang,PKP
PKP119,Fazil Pur,PKP
PKP120,Feroz Watan,PKP
PKP121,Fortabbas,PKP
PKP122,Fort Abbas,PKP
PKP123,Gagoo Mandi,PKP
PKP124,Gailywal,PKP
PKP125,Gakhar Chanan,PKP
PKP126,Gangapur,PKP
PKP127,Garh Maharaja,PKP
PKP128,Garh Mahraja,PKP
PKP129,Garh More,PKP
PKP130,Garjakh,PKP
PKP131,Ghakka Mitter,PKP
PKP132,Ghakkar,PKP
PKP133,Ghaniaan,PKP
PKP134,Gharial,PKP
PKP135,Gharmala,PKP
PKP136,Ghazipur,PKP
PKP137,Ghunike,PKP
PKP138,Gohad Pur,PKP
PKP139,Gojra,PKP
PKP140,Gondal,PKP
PKP141,Gopalpur,PKP
PKP142,Gujar Khan,PKP
PKP143,Gujranwala - Canal View Housing Scheme,PKP
PKP144,Gujranwala - Citi Housing,PKP
PKP145,Gujranwala - City Area,PKP
PKP146,Gujranwala - Civil Lines,PKP
PKP147,Gujranwala - DC Colony,PKP
PKP148,Gujranwala - Fareed Town,PKP
PKP149,Gujranwala - Garden Town,PKP
PKP150,Gujranwala - G Magnolia Park,PKP
PKP151,Gujranwala - Gondla Wala Bazaar,PKP
PKP152,Gujranwala - Green Valley,PKP
PKP153,Gujranwala - Gulzar Colony,PKP
PKP154,Gujranwala - Guru Nanakpura,PKP
PKP155,Gujranwala - Industrial Estate 1,PKP
PKP156,Gujranwala - Industrial Estate 2,PKP
PKP157,Gujranwala - Jagna,PKP
PKP158,Gujranwala - Master City Housing Scheme,PKP
PKP159,Gujranwala - Model Town,PKP
PKP160,Gujranwala - Mohalla Noor Bawa,PKP
PKP161,Gujranwala - Peoples Colony,PKP
PKP162,Gujranwala - Quaid E Azam Town,PKP
PKP163,Gujranwala - Rahwali,PKP
PKP164,Gujranwala - Rahwali Cantonment,PKP
PKP165,Gujranwala - Satellite Town,PKP
PKP166,Gujranwala - Shaheenabad,PKP
PKP167,Gujranwala - Shalimar Town,PKP
PKP168,Gujranwala - University Town,PKP
PKP169,Gujranwala - Wapda Town,PKP
PKP170,Gujrat,PKP
PKP171,Gullen Khel,PKP
PKP172,Gunna,PKP
PKP173,Hafizabad,PKP
PKP174,Haroonabad,PKP
PKP175,Haryawala,PKP
PKP176,Hasilpur,PKP
PKP177,Hassan Abdal,PKP
PKP178,Hazro,PKP
PKP179,Hidayatabad,PKP
PKP180,Hujra Shah Muqeem,PKP
PKP181,Hussain Abad,PKP
PKP182,Iskandarabad,PKP
PKP183,Jahanian,PKP
PKP184,Jalal Pur Bhattian,PKP
PKP185,Jalalpur Jattan,PKP
PKP186,Jamal Din Wali,PKP
PKP187,Jamalpur,PKP
PKP188,Jampur,PKP
PKP189,Jand,PKP
PKP190,Jasarwala,PKP
PKP191,Jassar,PKP
PKP192,Jhairanwala,PKP
PKP193,Jhal Chakian,PKP
PKP194,Jhang,PKP
PKP195,Jhanian,PKP
PKP196,Jhawarian,PKP
PKP197,Jhelum,PKP
PKP198,Joharabad,PKP
PKP199,Kabirwala,PKP
PKP200,Kahror Pakka,PKP
PKP201,Kahuta,PKP
PKP202,Kalabagh,PKP
PKP203,Kallar Sayedan,PKP
PKP204,Kaloor Kot,PKP
PKP205,Kamalia,PKP
PKP206,Kamar Mushani,PKP
PKP207,Kamoke,PKP
PKP208,Kamra,PKP
PKP209,Kanjwani,PKP
PKP210,Karianwala,PKP
PKP211,Karimpura,PKP
PKP212,Karmabad,PKP
PKP213,Kasur,PKP
PKP214,Khairpur Tamewali,PKP
PKP215,Khambi,PKP
PKP216,Khan Bella,PKP
PKP217,Khanewal,PKP
PKP218,Khan Garh,PKP
PKP219,Khanpur,PKP
PKP220,Khanqah Dogran,PKP
PKP221,Kharian,PKP
PKP222,Khaur,PKP
PKP223,Khawaja Gunj,PKP
PKP224,Khewra,PKP
PKP225,Khiali Shahpur,PKP
PKP226,Khurianwala,PKP
PKP227,Khushab,PKP
PKP228,Kot Addu,PKP
PKP229,Kot Chandna,PKP
PKP230,Kot Fateh Din,PKP
PKP231,Kotha,PKP
PKP232,Kot Haleem Khan,PKP
PKP233,Kot Khizri,PKP
PKP234,Kotla Arab Ali Khan,PKP
PKP235,Kotli Loharan,PKP
PKP236,Kot Mithan,PKP
PKP237,Kot Momen,PKP
PKP238,Kotmomin,PKP
PKP239,Kot Murad Khan,PKP
PKP240,Kot Nakka,PKP
PKP241,Kot Qutab,PKP
PKP242,Kot Rada Kishan,PKP
PKP243,Kot Samabha,PKP
PKP244,Kundian,PKP
PKP245,Kunjah,PKP
PKP246,Lahore - Abbot Road,PKP
PKP247,Lahore - Agrics,PKP
PKP248,Lahore - Askari,PKP
PKP249,Lahore - Badami Bagh,PKP
PKP250,Lahore - Baghbanpura,PKP
PKP251,Lahore - Bahria Town,PKP
PKP252,Lahore - Barki Road,PKP
PKP253,Lahore - Bata Pur,PKP
PKP254,Lahore - BOR Society,PKP
PKP255,Lahore - Canal City,PKP
PKP256,Lahore - Canal Garden,PKP
PKP257,Lahore - Cantt,PKP
PKP258,Lahore - Chaburji,PKP
PKP259,Lahore - Chung,PKP
PKP260,Lahore - Collage Road,PKP
PKP261,Lahore - Daroghawala,PKP
PKP262,Lahore - Davis Road,PKP
PKP263,Lahore - Defence,PKP
PKP264,Lahore - Defence Road Raiwind,PKP
PKP265,Lahore - DHA,PKP
PKP266,Lahore - Dharampura,PKP
PKP267,Lahore - Eden,PKP
PKP268,Lahore - Eden Value Home,PKP
PKP269,Lahore - Egerton Road,PKP
PKP270,Lahore - EME,PKP
PKP271,Lahore - Empress Road,PKP
PKP272,Lahore - Engineers Town,PKP
PKP273,Lahore - Faisal Town,PKP
PKP274,Lahore - Ferozpur Road,PKP
PKP275,Lahore - Garden Town,PKP
PKP276,Lahore - Garhi Shahu,PKP
PKP277,Lahore - Green Town,PKP
PKP278,Lahore - Gulberg,PKP
PKP279,Lahore - Gul-e-Daman,PKP
PKP280,Lahore - Gulshan-e-Ravi,PKP
PKP281,Lahore - Harbanspura,PKP
PKP282,Lahore - Iqbal Avenue,PKP
PKP283,Lahore - Iqbal Town,PKP
PKP284,Lahore - Izmir Town,PKP
PKP285,Lahore - Jail Road,PKP
PKP286,Lahore - Jallo,PKP
PKP287,Lahore - Johar Town,PKP
PKP288,Lahore - Judicial Colony,PKP
PKP289,Lahore - Kasoor Road,PKP
PKP290,Lahore - Khayaban-e-Jinnah Road,PKP
PKP291,Lahore - Kot Lakh Pat,PKP
PKP292,Lahore - Lawrence Road,PKP
PKP293,Lahore - Mall Road,PKP
PKP294,Lahore - Manawan,PKP
PKP295,Lahore - Mansoorah,PKP
PKP296,Lahore - Mcleod Road,PKP
PKP297,Lahore - Military Accounts,PKP
PKP298,Lahore - Model Town,PKP
PKP299,Lahore - Mozang,PKP
PKP300,Lahore - Mughulpura,PKP
PKP301,Lahore - Muhafiz Town,PKP
PKP302,Lahore - Nespak,PKP
PKP303,Lahore - Other,PKP
PKP304,Lahore - P&D Colony,PKP
PKP305,Lahore - Pak Arab Society,PKP
PKP306,Lahore - PCSIR Staff Colony,PKP
PKP307,Lahore - PIA Road PGECHS,PKP
PKP308,Lahore - PIA Society,PKP
PKP309,Lahore - Punjab Society,PKP
PKP310,Lahore - Railway Station,PKP
PKP311,Lahore - Raiwind Road,PKP
PKP312,Lahore - Rajpoot Town,PKP
PKP313,Lahore - Ravi Road,PKP
PKP314,Lahore - River View Society,PKP
PKP315,Lahore - Sabzazar,PKP
PKP316,Lahore - Salamat Pura,PKP
PKP317,Lahore - Samnabad,PKP
PKP318,Lahore - Sanda Islampura,PKP
PKP319,Lahore - Shad Bagh,PKP
PKP320,Lahore - Shadman,PKP
PKP321,Lahore - Shahbagh China Scheme,PKP
PKP322,Lahore - Shahdra,PKP
PKP323,Lahore - Shalimar Town,PKP
PKP324,Lahore - Sher Ali Road,PKP
PKP325,Lahore - Singh Pura,PKP
PKP326,Lahore - Sitara Colony,PKP
PKP327,Lahore - Sukh Chain Garden,PKP
PKP328,Lahore - Thokar Canal Road,PKP
PKP329,Lahore - Thokar Multan Road,PKP
PKP330,Lahore - Town Ship,PKP
PKP331,Lahore - Triocon Village,PKP
PKP332,Lahore - Upper Mall,PKP
PKP333,Lahore - Valencia,PKP
PKP334,Lahore - Wahdat Road,PKP
PKP335,Lahore - Walled City,PKP
PKP336,Lahore - Walton,PKP
PKP337,Lahore - Wapda Town,PKP
PKP338,Lahore - Yateem Khana,PKP
PKP339,Lahore - Zarar Shaheed Road,PKP
PKP340,Lak Mor,PKP
PKP341,Lala Musa,PKP
PKP342,Lalian,PKP
PKP343,Laliyan,PKP
PKP344,Layyah,PKP
PKP345,Liaquatpur,PKP
PKP346,Lodhran,PKP
PKP347,Lower Barian,PKP
PKP348,Lower Topa,PKP
PKP349,Luddhan,PKP
PKP350,Machiwala,PKP
PKP351,Mailsi,PKP
PKP352,Makhdoompur,PKP
PKP353,Malakwal,PKP
PKP354,Mamu Kanjan,PKP
PKP355,Mamun Kunjan,PKP
PKP356,Mananwala,PKP
PKP357,Manawala,PKP
PKP358,Mandi Bhauddin,PKP
PKP359,Mandi Faiz Abad,PKP
PKP360,Mandra,PKP
PKP361,Mari Lak,PKP
PKP362,Mehmood Kot,PKP
PKP363,Mehra,PKP
PKP364,Mehrabad,PKP
PKP365,Mehray Wala,PKP
PKP366,Mian Channu,PKP
PKP367,Miani,PKP
PKP368,Mianwali,PKP
PKP369,Minchinabad,PKP
PKP370,Mirpur,PKP
PKP371,Mithalak,PKP
PKP372,Mithan Kot,PKP
PKP373,Mithankot Chachran Sharif,PKP
PKP374,Mitha Tiwana,PKP
PKP375,Mitran Wala,PKP
PKP376,Mitro,PKP
PKP377,Moazamabad,PKP
PKP378,Moazzamabad,PKP
PKP379,Moch,PKP
PKP380,Mona,PKP
PKP381,Mona Depot,PKP
PKP382,More Emin Abad,PKP
PKP383,Mubarakpur,PKP
PKP384,Muhammadpur,PKP
PKP385,Mulhal Mughlan,PKP
PKP386,Multan,PKP
PKP387,Muradabad,PKP
PKP388,Murad Wala,PKP
PKP389,Mureed,PKP
PKP390,Muridke,PKP
PKP391,Murid Wala,PKP
PKP392,Murree,PKP
PKP393,Muslimabad,PKP
PKP394,Mustafa Abad,PKP
PKP395,Muzaffargarh,PKP
PKP396,Nandipur,PKP
PKP397,Nandi Pur Town,PKP
PKP398,Nangal,PKP
PKP399,Nankana Sahib,PKP
PKP400,Narang Mandi,PKP
PKP401,Narowal,PKP
PKP402,Naseera,PKP
PKP403,Naudero,PKP
PKP404,Nawab Pur,PKP
PKP405,Nawan Jandanwala,PKP
PKP406,Nawan Kot,PKP
PKP407,Nawan Pind,PKP
PKP408,Niaz Nagar,PKP
PKP409,Nizamabad,PKP
PKP410,Noonan Wali,PKP
PKP411,Noor Jamal,PKP
PKP412,Noor Kot,PKP
PKP413,Nowshera Virkan,PKP
PKP414,Okara - Cantt,PKP
PKP415,Okara - Central City,PKP
PKP416,Okara - Depalpur,PKP
PKP417,Okara - Govt Colony,PKP
PKP418,Okara - Jawad Avenue,PKP
PKP419,Okara - Main City,PKP
PKP420,Okara - Renala,PKP
PKP421,Okara - South City,PKP
PKP422,Padhrar,PKP
PKP423,Pak Pattan,PKP
PKP424,Pasroor,PKP
PKP425,Pattoki,PKP
PKP426,Phalia,PKP
PKP427,Phularwan,PKP
PKP428,Pind Dadan Khan,PKP
PKP429,Pind Gheb,PKP
PKP430,Pindi Bhattian,PKP
PKP431,Pindi Gheb,PKP
PKP432,Pindi Gujran,PKP
PKP433,Pir Ghani,PKP
PKP434,Pirmahal,PKP
PKP435,Pir Mahal,PKP
PKP436,Puran,PKP
PKP437,Qadir Abad,PKP
PKP438,Qadir Pur,PKP
PKP439,Qadir Pur Rawan,PKP
PKP440,Qaidabad,PKP
PKP441,Qasba Gujrat,PKP
PKP442,Qasim Bela,PKP
PKP443,Qasim Pur,PKP
PKP444,Qila Daidar Singh Town,PKP
PKP445,Qila Didar Singh,PKP
PKP446,Qila Kalar Wala,PKP
PKP447,Qila Ram Rang,PKP
PKP448,Qila Sahib Singh,PKP
PKP449,Qudratabad,PKP
PKP450,Rahimabad,PKP
PKP451,Rahim Yar Khan,PKP
PKP452,Raiwind,PKP
PKP453,Rajana,PKP
PKP454,Rajanpur,PKP
PKP455,Rajar,PKP
PKP456,Raj Kot,PKP
PKP457,Rana Wahan,PKP
PKP458,Rangoo,PKP
PKP459,Rang Shah,PKP
PKP460,Rani Pur,PKP
PKP461,Ratta Bajwa,PKP
PKP462,Rawalpindi - Adyala,PKP
PKP463,Rawalpindi - Aghosh Housing Society,PKP
PKP464,Rawalpindi - Airport Society,PKP
PKP465,Rawalpindi - Bahria Town,PKP
PKP466,Rawalpindi - CBR Town,PKP
PKP467,Rawalpindi - Chaklala,PKP
PKP468,Rawalpindi - DHA,PKP
PKP469,Rawalpindi - Dhamyal,PKP
PKP470,Rawalpindi - Dhok Gangal,PKP
PKP471,Rawalpindi - Dhok Kala Khan,PKP
PKP472,Rawalpindi - Emaar Housing Society,PKP
PKP473,Rawalpindi - Fizaiya Colony,PKP
PKP474,Rawalpindi - Gulberg Green,PKP
PKP475,Rawalpindi - Gulberg Residencia,PKP
PKP476,Rawalpindi - Gulraiz,PKP
PKP477,Rawalpindi - Humak,PKP
PKP478,Rawalpindi - IJP Road,PKP
PKP479,Rawalpindi - Jinnah Garden,PKP
PKP480,Rawalpindi - Khanna,PKP
PKP481,Rawalpindi - Korang Town,PKP
PKP482,Rawalpindi - Kuri Road,PKP
PKP483,Rawalpindi - Lalkurti,PKP
PKP484,Rawalpindi - Lohi Bhair,PKP
PKP485,Rawalpindi - Media Town,PKP
PKP486,Rawalpindi - Model Town,PKP
PKP487,Rawalpindi - Muree Road,PKP
PKP488,Rawalpindi - Muslim Town,PKP
PKP489,Rawalpindi - National Police Foundation,PKP
PKP490,Rawalpindi - Naval Anchorage,PKP
PKP491,Rawalpindi - Pakistan Town,PKP
PKP492,Rawalpindi - Peshawar Road,PKP
PKP493,Rawalpindi - PWD,PKP
PKP494,Rawalpindi - Raja Bazar,PKP
PKP495,Rawalpindi - Rawat,PKP
PKP496,Rawalpindi - Saddar,PKP
PKP497,Rawalpindi - Sadiqabad,PKP
PKP498,Rawalpindi - Satellite Town,PKP
PKP499,Rawalpindi - Soan Garden,PKP
PKP500,Rawalpindi - Tench,PKP
PKP501,Rawalpindi - Zia Masjid,PKP
PKP502,Rehmat Abad,PKP
PKP503,Sadiqabad,PKP
PKP504,Sagri,PKP
PKP505,Sahiwal,PKP
PKP506,Sahuwala,PKP
PKP507,Sambrial,PKP
PKP508,Samundari,PKP
PKP509,Sanawan,PKP
PKP510,Sangla Hill,PKP
PKP511,Sarai Alamgir,PKP
PKP512,Sargodha,PKP
PKP513,Shadan Lund,PKP
PKP514,Shahdara,PKP
PKP515,Shaheeenabad,PKP
PKP516,Shah Nal,PKP
PKP517,Shahpur,PKP
PKP518,Shahpur City,PKP
PKP519,Shahpur Jahania,PKP
PKP520,Shahpur Sadar,PKP
PKP521,Shakar Garh,PKP
PKP522,Shamaspur,PKP
PKP523,Sheikhupura,PKP
PKP524,Sheikhupura - Farooqabad,PKP
PKP525,Sherpur,PKP
PKP526,Shinka,PKP
PKP527,Shorkot,PKP
PKP528,Shujaabad,PKP
PKP529,Sialkot,PKP
PKP530,Silanwali,PKP
PKP531,Sillanwali,PKP
PKP532,Sohawa,PKP
PKP533,Talagang,PKP
PKP534,Talwandi,PKP
PKP535,Tandlian Wala,PKP
PKP536,Tarbela Dam,PKP
PKP537,Tarnol,PKP
PKP538,Taxila,PKP
PKP539,Thaneel Fatoohi,PKP
PKP540,Toba Tek Singh,PKP
PKP541,Tulamba,PKP
PKP542,Uch Sharif,PKP
PKP543,Ugoki,PKP
PKP544,Upper Topa,PKP
PKP545,Vanjari,PKP
PKP546,Vehari,PKP
PKP547,Wagah,PKP
PKP548,Wagowal,PKP
PKP549,Wah,PKP
PKP550,Wah Cantt,PKP
PKP551,Waisa,PKP
PKP552,Wasu,PKP
PKP553,Wazirabad,PKP
PKP554,Yazman,PKP
PKP555,Yousaf Wala,PKP
PKP556,Zafar Wal,PKP
PKP557,Zahir Pir,PKP
