ID,TITLE,PARENTID
PKS1,Badin,PKS
PKS2,Bandhi,PKS
PKS3,Bangul Dero,PKS
PKS4,Bhanbore,PKS
PKS5,Bhan Saeead Abad,PKS
PKS6,Bhit Shah,PKS
PKS7,Chohar Jamali,PKS
PKS8,Dadu,PKS
PKS9,Daharki,PKS
PKS10,Daro,PKS
PKS11,Darya Khan Mari,PKS
PKS12,Daulatpur,PKS
PKS13,Daur,PKS
PKS14,Dhabeji,PKS
PKS15,Digri,PKS
PKS16,Diplo,PKS
PKS17,Dokri,PKS
PKS18,Garhi Khairo,PKS
PKS19,Gharo,PKS
PKS20,Ghaus Pur,PKS
PKS21,Ghotki,PKS
PKS22,Golarchi,PKS
PKS23,Guddu,PKS
PKS24,Hala,PKS
PKS25,Halani,PKS
PKS26,Hyderabad - Cantonment,PKS
PKS27,Hyderabad - Central City,PKS
PKS28,Hyderabad - Halanaka,PKS
PKS29,Hyderabad - Latifabad,PKS
PKS30,Hyderabad - Qasimabad,PKS
PKS31,Islamkot,PKS
PKS32,Jacobabad,PKS
PKS33,Jam,PKS
PKS34,Jamshoro,PKS
PKS35,Jhimpir,PKS
PKS36,Jhuddo,PKS
PKS37,Johi,PKS
PKS38,Kamber,PKS
PKS39,Kamber Ali Khan,PKS
PKS40,Kandhkot,PKS
PKS41,Kandiaro,PKS
PKS42,Karachi - AB Sinia Colony,PKS
PKS43,Karachi - Akhter Colony,PKS
PKS44,Karachi - Askari,PKS
PKS45,Karachi - Bahadurabad,PKS
PKS46,Karachi - Bahria Town,PKS
PKS47,Karachi - Baldia Town,PKS
PKS48,Karachi - Baloch Colony,PKS
PKS49,Karachi - Bhimpora,PKS
PKS50,Karachi - Bohra Pir,PKS
PKS51,Karachi - Bombay Bazar,PKS
PKS52,Karachi - BufferZone,PKS
PKS53,Karachi - Cantonment C.O.D,PKS
PKS54,Karachi - Cantonment Daud Pota Road,PKS
PKS55,Karachi - Cantonment FTC,PKS
PKS56,Karachi - Cantonment NHS,PKS
PKS57,Karachi - Cantonment PAF Base,PKS
PKS58,Karachi - Cantonment Railway Station,PKS
PKS59,Karachi - Cantonment Regent Plaza,PKS
PKS60,Karachi - Cantonment Shahra-e-Faisal,PKS
PKS61,Karachi - Civil Lines,PKS
PKS62,Karachi - Clifton,PKS
PKS63,Karachi - DHA,PKS
PKS64,Karachi - F.B Area,PKS
PKS65,Karachi - F.C Area,PKS
PKS66,Karachi - Firdous Colony,PKS
PKS67,Karachi - Garden,PKS
PKS68,Karachi - Gulistan-e-Johar,PKS
PKS69,Karachi - Gulshan-e-Hadeed,PKS
PKS70,Karachi - Gulshan-e-Iqbal,PKS
PKS71,Karachi - Gulshan-e-Maymar,PKS
PKS72,Karachi - Hawksbay,PKS
PKS73,Karachi - I.I Chundrigarh,PKS
PKS74,Karachi - Jamshed Road,PKS
PKS75,Karachi - Jodia Bazar,PKS
PKS76,Karachi - K.D.A Officers,PKS
PKS77,Karachi - Kagzi Bazar,PKS
PKS78,Karachi - Kakri Ground,PKS
PKS79,Karachi - Kamil Gali,PKS
PKS80,Karachi - Kemari,PKS
PKS81,Karachi - Khada Market,PKS
PKS82,Karachi - Kharadar,PKS
PKS83,Karachi - Khudadad Colony,PKS
PKS84,Karachi - Korangi,PKS
PKS85,Karachi - Landhi,PKS
PKS86,Karachi - Lee Market,PKS
PKS87,Karachi - Liaquatabad,PKS
PKS88,Karachi - Liyari,PKS
PKS89,Karachi - M.A Jinnah Road,PKS
PKS90,Karachi - Malir,PKS
PKS91,Karachi - Manora,PKS
PKS92,Karachi - Mehmoodabad,PKS
PKS93,Karachi - Mithadar,PKS
PKS94,Karachi - Muhammad Ali Society,PKS
PKS95,Karachi - Muslimabad Society,PKS
PKS96,Karachi - Nanwara,PKS
PKS97,Karachi - Nazimabad,PKS
PKS98,Karachi - New Karachi,PKS
PKS99,Karachi - New Surjani,PKS
PKS100,Karachi - Nishter Road,PKS
PKS101,Karachi - North Karachi,PKS
PKS102,Karachi - North Nazimabad,PKS
PKS103,Karachi - Old Town,PKS
PKS104,Karachi - Orangi Town,PKS
PKS105,Karachi - P.E.C.H.S,PKS
PKS106,Karachi - Pan Mandi,PKS
PKS107,Karachi - PIB Colony,PKS
PKS108,Karachi - Pipri Goth,PKS
PKS109,Karachi - Qayummabad,PKS
PKS110,Karachi - Ramswami,PKS
PKS111,Karachi - Ranchorline,PKS
PKS112,Karachi - S.I.T.E,PKS
PKS113,Karachi - Saddar,PKS
PKS114,Karachi - Scheme 33,PKS
PKS115,Karachi - Shabbirabad,PKS
PKS116,Karachi - Shadman Town,PKS
PKS117,Karachi - Shah Faisal Colony,PKS
PKS118,Karachi - Sher Shah,PKS
PKS119,Karachi - Sultanabad,PKS
PKS120,Karachi - Surjani,PKS
PKS121,Karampur,PKS
PKS122,Kashmore,PKS
PKS123,Khairpur Mir's,PKS
PKS124,Khairpur Nathan Shah,PKS
PKS125,Khipro,PKS
PKS126,Khoski,PKS
PKS127,Kot Ghulam Mohammad,PKS
PKS128,Kotri,PKS
PKS129,Kunri,PKS
PKS130,Larkana,PKS
PKS131,Machi Goth,PKS
PKS132,Matiari,PKS
PKS133,Matli,PKS
PKS134,Mehar,PKS
PKS135,Mehrabpur,PKS
PKS136,Mirokhan,PKS
PKS137,Mirpur Bathoro,PKS
PKS138,Mirpur Khas,PKS
PKS139,Mirpur Sakro,PKS
PKS140,Mithi,PKS
PKS141,Mohenjo Daro,PKS
PKS142,Moro,PKS
PKS143,Nasarpur,PKS
PKS144,Naudero Larkhana,PKS
PKS145,Naukot,PKS
PKS146,Naushero Feroze,PKS
PKS147,Nawabshah,PKS
PKS148,New Saeedabad,PKS
PKS149,Ninda,PKS
PKS150,Nooriabad,PKS
PKS151,Pacca Chang,PKS
PKS152,Pangrio,PKS
PKS153,Panno Aqil,PKS
PKS154,Petaro,PKS
PKS155,Phulji Station,PKS
PKS156,Pir Jo Goth,PKS
PKS157,Qambar Shahdadkot,PKS
PKS158,Qazi Ahmad,PKS
PKS159,Radhan,PKS
PKS160,Ranipur,PKS
PKS161,Ratodero,PKS
PKS162,Rohri,PKS
PKS163,Sakrand,PKS
PKS164,Samaro,PKS
PKS165,Sanghar,PKS
PKS166,Sanjar Chang,PKS
PKS167,Sarhari,PKS
PKS168,Sehwan Sharif,PKS
PKS169,Shahdad Kot,PKS
PKS170,Shahdadpur,PKS
PKS171,Shaheed Benazirabad,PKS
PKS172,Shahpur Chakar,PKS
PKS173,Shikarpur,PKS
PKS174,Singhoro,PKS
PKS175,Sobho Dero,PKS
PKS176,Sujawal,PKS
PKS177,Sukkur,PKS
PKS178,Sultan Kot,PKS
PKS179,Talhar,PKS
PKS180,Tando Adam,PKS
PKS181,Tando Allahyar,PKS
PKS182,Tando Bagho,PKS
PKS183,Tando Gulam Ali,PKS
PKS184,Tando Jam,PKS
PKS185,Tando Muhammad Khan,PKS
PKS186,Tando Soomro,PKS
PKS187,Thana Bola Khan,PKS
PKS188,Thari Mirwah,PKS
PKS189,Tharo Shah,PKS
PKS190,Thatta,PKS
PKS191,Thul,PKS
PKS192,Ubaouro,PKS
PKS193,Umarkot,PKS
PKS194,Waggan,PKS
PKS195,Warah,PKS
