ID,TITLE,PARENTID
R80302992,Islamabad - Ali Pur,R358002
RPK1664,Islamabad - Banni Gaala,R358002
RPK1705,Islamabad - Bhara Kahu,R358002
RPK1678,Islamabad - Chak Shahzad,R358002
RPK1739,Islamabad - Chatta Bakhtawar,R358002
R80302993,Islamabad - E,R358002
RPK1741,Islamabad - E - 11,R358002
RPK1639,Islamabad - E - 7,R358002
R80302994,Islamabad - F,R358002
RPK1690,Islamabad - F - 10,R358002
RPK1648,Islamabad - F - 11,R358002
RPK1650,Islamabad - F - 5,R358002
RPK1746,Islamabad - F - 6,R358002
RPK1681,Islamabad - F - 7,R358002
RPK1713,Islamabad - F - 8,R358002
RPK1737,Islamabad - F - 9,R358002
R80302995,Islamabad - G,R358002
RPK1662,Islamabad - G - 10,R358002
RPK1699,Islamabad - G - 11,R358002
RPK1651,Islamabad - G - 12,R358002
RPK1742,Islamabad - G - 13,R358002
RPK1745,Islamabad - G - 14,R358002
RPK1637,Islamabad - G - 15,R358002
RPK1672,Islamabad - G - 5,R358002
RPK1724,Islamabad - G - 6,R358002
RPK1697,Islamabad - G - 7,R358002
RPK1751,Islamabad - G - 8,R358002
RPK1711,Islamabad - G - 9,R358002
R80307705,Islamabad - Ghauri Town,R358002
R80302996,Islamabad - H,R358002
RPK1716,Islamabad - H - 10,R358002
RPK1663,Islamabad - H - 11,R358002
RPK1738,Islamabad - H - 12,R358002
RPK1655,Islamabad - H -13,R358002
RPK1674,Islamabad - H - 8,R358002
RPK1679,Islamabad - H - 9,R358002
R80302997,Islamabad - I,R358002
RPK1748,Islamabad - I - 10,R358002
RPK1667,Islamabad - I - 11,R358002
RPK1717,Islamabad - I - 12,R358002
RPK1700,Islamabad - I - 14,R358002
RPK1653,Islamabad - I - 8,R358002
RPK1715,Islamabad - I - 9,R358002
RPK1687,Islamabad - Rawal Town,R358002
RPK1660,Islamabad - Sohan,R358002
RPK1730,Islamabad - Tarlai Kalan,R358002
