ID,TITLE,PARENTID
RPK9,Badin,R357981
R80302924,Bandhi,R357981
R80302875,Bangul Dero,R357981
R80302839,Bhanbore,R357981
R80302885,Bhan Saeead Abad,R357981
R80302889,Bhit Shah,R357981
R80302874,Chohar Jamali,R357981
R80302844,Dadu,R357981
R80302820,Daharki,R357981
R80302805,Daro,R357981
R80302917,Darya Khan Mari,R357981
R80302920,Daulatpur,R357981
R80302851,Daur,R357981
R80302854,Dhabeji,R357981
R80302856,Digri,R357981
R6109506,Diplo,R357981
R80302911,Dokri,R357981
R80302923,Garhi Khairo,R357981
R80302921,Gharo,R357981
R80302845,Ghaus Pur,R357981
RPK5,Ghotki,R357981
R80302901,Golarchi,R357981
R80302808,Guddu,R357981
R80302812,Hala,R357981
R80302818,Halani,R357981
RPK1645,Hyderabad - Cantonment,R357981
RPK1686,Hyderabad - Central City,R357981
RPK1736,Hyderabad - Halanaka,R357981
RPK1657,Hyderabad - Latifabad,R357981
R80302914,Hyderabad - Qasimabad,R357981
R6109507,Islamkot,R357981
R80302823,Jacobabad,R357981
R80302865,Jam,R357981
R80302895,Jamshoro,R357981
R80302855,Jhimpir,R357981
R80302891,Jhuddo,R357981
R80302910,Johi,R357981
R80302846,Kamber,R357981
R80302837,Kamber Ali Khan,R357981
R80302813,Kandhkot,R357981
R80302804,Kandiaro,R357981
R80316328,Karachi - AB Sinia Colony,R357981
RPK65,Karachi - Akhter Colony,R357981
R80302934,Karachi - Askari,R357981
RPK1719,Karachi - Bahadurabad,R357981
R80302848,Karachi - Bahria Town,R357981
R80316306,Karachi - Baldia Town,R357981
R80316307,Karachi - Baloch Colony,R357981
R80316290,Karachi - Bhimpora,R357981
R80316291,Karachi - Bohra Pir,R357981
R80316292,Karachi - Bombay Bazar,R357981
R80302879,Karachi - BufferZone,R357981
R80316278,Karachi - Cantonment C.O.D,R357981
R80316281,Karachi - Cantonment Daud Pota Road,R357981
R80316282,Karachi - Cantonment FTC,R357981
R80316283,Karachi - Cantonment NHS,R357981
R80316285,Karachi - Cantonment PAF Base,R357981
R80316279,Karachi - Cantonment Railway Station,R357981
R80316284,Karachi - Cantonment Regent Plaza,R357981
R80316280,Karachi - Cantonment Shahra-e-Faisal,R357981
R80316287,Karachi - Civil Lines,R357981
R80302932,Karachi - Clifton,R357981
R80302857,Karachi - DHA,R357981
R80302858,Karachi - F.B Area,R357981
R80302814,Karachi - F.C Area,R357981
R80316308,Karachi - Firdous Colony,R357981
R80302892,Karachi - Garden,R357981
R80302868,Karachi - Gulistan-e-Johar,R357981
R80302931,Karachi - Gulshan-e-Hadeed,R357981
R80302922,Karachi - Gulshan-e-Iqbal,R357981
R80316309,Karachi - Gulshan-e-Maymar,R357981
R80316310,Karachi - Hawksbay,R357981
R80316311,Karachi - I.I Chundrigarh,R357981
R80316312,Karachi - Jamshed Road,R357981
R80316293,Karachi - Jodia Bazar,R357981
R80316313,Karachi - K.D.A Officers,R357981
R80316294,Karachi - Kagzi Bazar,R357981
R80316295,Karachi - Kakri Ground,R357981
R80316296,Karachi - Kamil Gali,R357981
R80316314,Karachi - Kemari,R357981
R80316297,Karachi - Khada Market,R357981
R80316298,Karachi - Kharadar,R357981
R80316327,Karachi - Khudadad Colony,R357981
R80302903,Karachi - Korangi,R357981
R80302933,Karachi - Landhi,R357981
R80316299,Karachi - Lee Market,R357981
R80302918,Karachi - Liaquatabad,R357981
R80316315,Karachi - Liyari,R357981
R80316316,Karachi - M.A Jinnah Road,R357981
R80302876,Karachi - Malir,R357981
R80316317,Karachi - Manora,R357981
RPK64,Karachi - Mehmoodabad,R357981
R80316300,Karachi - Mithadar,R357981
R80316288,Karachi - Muhammad Ali Society,R357981
R80316330,Karachi - Muslimabad Society,R357981
R80316301,Karachi - Nanwara,R357981
R80302828,Karachi - Nazimabad,R357981
R6080948,Karachi - New Karachi,R357981
R80316318,Karachi - New Surjani,R357981
R80316302,Karachi - Nishter Road,R357981
RPK60,Karachi - North Karachi,R357981
R80302912,Karachi - North Nazimabad,R357981
R80302913,Karachi - Old Town,R357981
R80302890,Karachi - Orangi Town,R357981
R80302919,Karachi - P.E.C.H.S,R357981
R80316303,Karachi - Pan Mandi,R357981
R80316319,Karachi - PIB Colony,R357981
R80316320,Karachi - Pipri Goth,R357981
RPK62,Karachi - Qayummabad,R357981
R80316304,Karachi - Ramswami,R357981
R80316305,Karachi - Ranchorline,R357981
R80302873,Karachi - S.I.T.E,R357981
R80316329,Karachi - Saddar,R357981
R80316322,Karachi - Scheme 33,R357981
R80316323,Karachi - Shabbirabad,R357981
R80316324,Karachi - Shadman Town,R357981
R80302835,Karachi - Shah Faisal Colony,R357981
R80316325,Karachi - Sher Shah,R357981
R80316286,Karachi - Sultanabad,R357981
R80316326,Karachi - Surjani,R357981
R80302883,Karampur,R357981
R80302847,Kashmore,R357981
R80302886,Khairpur Mir's,R357981
R80302888,Khairpur Nathan Shah,R357981
R80302852,Khipro,R357981
R80302928,Khoski,R357981
R80302909,Kot Ghulam Mohammad,R357981
R80302866,Kotri,R357981
R80302904,Kunri,R357981
R80302801,Larkana,R357981
R80302838,Machi Goth,R357981
R80302925,Matiari,R357981
R80302827,Matli,R357981
R80302824,Mehar,R357981
R80302880,Mehrabpur,R357981
R80302815,Mirokhan,R357981
R6087710,Mirpur Bathoro,R357981
R80302843,Mirpur Khas,R357981
R6087709,Mirpur Sakro,R357981
R6109508,Mithi,R357981
R80302929,Mohenjo Daro,R357981
R80302819,Moro,R357981
R80302817,Nasarpur,R357981
R80302869,Naudero Larkhana,R357981
R80302802,Naukot,R357981
R80307357,Naushero Feroze,R357981
R80302881,Nawabshah,R357981
R80302906,New Saeedabad,R357981
R80302862,Ninda,R357981
R80302882,Nooriabad,R357981
R80302930,Pacca Chang,R357981
R80302822,Pangrio,R357981
R80302897,Panno Aqil,R357981
R80302840,Petaro,R357981
R80302836,Phulji Station,R357981
R80302831,Pir Jo Goth,R357981
R80302829,Qambar Shahdadkot,R357981
R80302871,Qazi Ahmad,R357981
R80302841,Radhan,R357981
R80302898,Ranipur,R357981
R80302896,Ratodero,R357981
R80302849,Rohri,R357981
R80302863,Sakrand,R357981
R80302900,Samaro,R357981
RPK8,Sanghar,R357981
R80302811,Sanjar Chang,R357981
R80302832,Sarhari,R357981
R80302905,Sehwan Sharif,R357981
R80302935,Shahdad Kot,R357981
R80302806,Shahdadpur,R357981
R80302887,Shaheed Benazirabad,R357981
R80302907,Shahpur Chakar,R357981
R80302809,Shikarpur,R357981
R80302872,Singhoro,R357981
R80302803,Sobho Dero,R357981
R80302916,Sujawal,R357981
R80302908,Sukkur,R357981
R80302902,Sultan Kot,R357981
R80302821,Talhar,R357981
R80302884,Tando Adam,R357981
R80302899,Tando Allahyar,R357981
R80302807,Tando Bagho,R357981
R80302830,Tando Gulam Ali,R357981
R80302927,Tando Jam,R357981
R6105285,Tando Muhammad Khan,R357981
R80302826,Tando Soomro,R357981
R80302859,Thana Bola Khan,R357981
R80302864,Thari Mirwah,R357981
R80302860,Tharo Shah,R357981
RPK63,Thatta,R357981
R80302842,Thul,R357981
R80302816,Ubaouro,R357981
R80307354,Umarkot,R357981
R80302926,Waggan,R357981
R80302853,Warah,R357981
