ID,TITLE,PARENTID
R80306632,Abdul Karim Road,R80306631
R80306633,Shaheen Complex,R80306631
R80303194,Block A,R80302397
R80303195,Block B,R80302397
R80303193,Block C,R80302397
R80303647,Askari 1,R80302511
R80303645,Askari 10,R80302511
R80303646,Askari 11,R80302511
R80303648,Askari 2,R80302511
R80303649,Askari 3,R80302511
R80303650,Askari 5,R80302511
R80303643,Askari 8,R80302511
R80303644,Askari 9,R80302511
R80314530,Badami Bagh,R80306634
R80306638,Badami Bagh Auto Market,R80306634
R80306636,Data Nagar,R80306634
R80306637,Farooq Gunj,R80306634
R80306635,Fruit Market,R80306634
R80306639,Lari Adda,R80306634
R80306644,Baghbanpura G T Road,R80306640
R80306642,Karol Ghati,R80306640
R80306641,Madina Colony,R80306640
R80306646,Sehar Road,R80306640
R80306648,Shalamar Bagh,R80306640
R80306645,Shawala Chowk,R80306640
R80306643,Younuspura,R80306640
R80306661,Akhtar Saeed Medical and Dental College,R80302727
R80306662,Akhtar Saeed Medical Hostel,R80302727
R80306650,Ali Block,R80302727
R80304225,Awais Qarni Block,R80302727
R80304227,Babar Block,R80302727
R80306654,Bahria Grand Mosque,R80302727
R80306653,Bahria Homes,R80302727
R80306659,Chambelli Block,R80302727
R80306652,Executive Lodges,R80302727
R80306651,Gardenia Block,R80302727
R80304233,Ghori Block,R80302727
R80304239,Gulbahar Block,R80302727
R80306658,Gulmohar Block,R80302727
R80306660,Hussain Block,R80302727
R80304232,Iqbal Block,R80302727
R80304234,Iris Block,R80302727
R80304224,Jasmine Block,R80302727
R80306656,Johar Block,R80302727
R80304230,Juniper Block,R80302727
R80304240,Meadows Block,R80302727
R80304229,Nargis Block,R80302727
R80306663,New Shaheen Block,R80302727
R80304243,Nishter Block,R80302727
R80304241,Overseas A,R80302727
R80304231,Overseas AA,R80302727
R80304235,Overseas BB,R80302727
R80304238,Overseas B Extension,R80302727
R80306655,Overseas CC,R80302727
R80304223,Quaid-e-Azam Block,R80302727
R80304236,Safari Block,R80302727
R80304226,Shaheen Block,R80302727
R80304237,Spring Block,R80302727
R80304242,Takbeer Block,R80302727
R80304228,Tulip Block,R80302727
R80306657,Tulip Extension,R80302727
R80304244,Umer Block,R80302727
R80306649,Usman Block,R80302727
R80306666,Bao Wala,R80306664
R80306668,Green City,R80306664
R80306667,Imperial Garden,R80306664
R80306669,Mahfooz Shaheed Garrison,R80306664
R80306665,Paragon City,R80306664
R80306672,Al Rehman Garden Phase 3,R80306670
R80306674,Attoke Awan,R80306670
R80306677,Bata Colony,R80306670
R80306671,Bata Pur,R80306670
R80306675,Dograe Kalan,R80306670
R80306676,Jallo More Bazar,R80306670
R80306673,Qazi Town,R80306670
R80303685,Block A,R80302531
R80303686,Block B,R80302531
R80303687,Block C,R80302531
R80303245,Block A,R80302401
R80303242,Block B,R80302401
R80303243,Block C,R80302401
R80303244,Block D,R80302401
R80304154,Block A,R80302697
R80304155,Block AA,R80302697
R80304150,Block B,R80302697
R80304156,Block C,R80302697
R80304157,Block D,R80302697
R80304153,Block E,R80302697
R80304158,Block F,R80302697
R80304151,Block G,R80302697
R80304152,Block H,R80302697
R80306689,Abdulrehman Road Lahore Cantt,R80306678
R80306680,Abid Majeed Road Lahore Cantt,R80306678
R80306684,Arif Jan Road Lahore Cantt,R80306678
R80306690,Asad Jan Road Lahore Cantt,R80306678
R80306679,Aziz Bhatti Road Lahore Cantt,R80306678
R80306687,Bagh Ali Road Lahore Cantt,R80306678
R80306691,CMH,R80306678
R80306682,Khursheed Alam Road Cantt,R80306678
R80306685,Munir Road Lahore Cantt,R80306678
R80306696,R.A Bazar,R80306678
R80306697,Sadar Cantt,R80306678
R80306692,Sarfraz Rafiqui Road,R80306678
R80306688,Sarwar Colony,R80306678
R80306681,Sarwar Road Lahore Cantt,R80306678
R80306694,Shami Road Lahore Cantt,R80306678
R80306683,Tariq Road Lahore Cantt,R80306678
R80306695,Tufail Road Lahore Cantt,R80306678
R80306686,Zafar Road Lahore Cantt,R80306678
R80306713,Chaburji,R80306707
R80306708,Chaburji Park,R80306707
R80306709,P&T Colony,R80306707
R80306711,Rajghar,R80306707
R80306712,Rewarz Garden,R80306707
R80306710,Shamnagar,R80306707
R80303373,Chung Adda,R80302414
R80303374,Chung Police Training Center,R80302414
R80307675,Loharan Wala Kho,R80302414
R80306714,Ahmad Nagar,R80302524
R80303668,Baghriyan,R80302524
R80303669,Mateen Avenue,R80302524
R80307673,Oqaf Colony,R80302524
R80303666,Revenue Society,R80302524
R80303667,Sheraz Town,R80302524
R80306720,Band Road Bassi Mor,R80306715
R80306718,Bilal Park,R80306715
R80306944,Handu Gujjar,R80306715
R80306721,Mehmood Booti,R80306715
R80306945,Mehmood Buti Interchange,R80306715
R80306716,Nadia Ghee Mills,R80306715
R80306717,Naqsh Bandi Bazar,R80306715
R80306719,Sunny Biscuit Factory,R80306715
R80306723,Davis Road,R80306722
R80304278,Ali Park Bedian Road,R80302737
R80304279,Cantt View,R80302737
R80304280,Elite Town,R80302737
R80304281,KB Colony,R80302737
R80304282,Nishat Colony,R80302737
R80304283,State Life Society,R80302737
R80304277,Sui Gas Society,R80302737
R80306732,Descon Workshop,R80306728
R80306736,DHA Rehber Phase 11,R80306728
R80306735,Dream Garden,R80306728
R80306734,Haloki,R80306728
R80306733,Khayban-e-Amin,R80306728
R80306731,Labour Colony,R80306728
R80306730,University of Lahore,R80306728
R80306729,US Apparel,R80306728
R80307663,Ali Park Bedian Road,R80302793
R80306725,Bankers Society,R80302793
R80314524,Cantt View,R80302793
R80307667,Elite Town,R80302793
R80306724,Formanites Housing Society,R80302793
R80306727,HBFC Housing Society,R80302793
R80307713,Iqbal Park,R80302793
R80307668,KB Colony,R80302793
R80314541,New Iqbal Park,R80302793
R80307670,New Super Town,R80302793
R80307664,Nishat Colony,R80302793
R80306726,Pace Woodlands,R80302793
R80304455,Phase 1,R80302793
R80304456,Phase 2,R80302793
R80304457,Phase 3,R80302793
R80304458,Phase 4,R80302793
R80304459,Phase 5,R80302793
R80304452,Phase 6,R80302793
R80304453,Phase 7,R80302793
R80304454,Phase 8,R80302793
R80316046,Phase 9,R80302793
R80307666,State Life Society,R80302793
R80307665,Sui Gas Society,R80302793
R80314525,Super Town,R80302793
R80306741,Chubacha Phatak,R80306737
R80306743,Dharampura,R80306737
R80306740,Gulistan Colony,R80306737
R80306738,Infantry Road,R80306737
R80306742,Mian Meer Colony,R80306737
R80306739,Military Account Colony,R80306737
R80303386,Canal Villas,R80302423
R80303388,Lane Villas 1,R80302423
R80303385,Lane Villas 2,R80302423
R80303387,Palace Villas,R80302423
R80304426,Block A,R80302779
R80304427,Block B,R80302779
R80304428,Block C,R80302779
R80304429,Block D,R80302779
R80306747,Awan-e-Iqbal,R80306744
R80306745,Cooper Road,R80306744
R80306746,Kashmir Road,R80306744
R80303553,Block A,R80302471
R80303551,Block B,R80302471
R80303556,Block C,R80302471
R80303557,Block D,R80302471
R80303558,Block E,R80302471
R80303554,Block F,R80302471
R80303555,Block G,R80302471
R80303550,Block H,R80302471
R80303552,Block J,R80302471
R80306752,Muhammad Nagar,R80306748
R80306751,Nicholson Road,R80306748
R80306749,Police Line,R80306748
R80306753,Qila Gujjar Singh,R80306748
R80306750,Railway Head Quarter,R80306748
R80306754,Phase 1,R80302532
R80303703,Phase 3 Block A,R80302532
R80303688,Phase 3 Block A 1,R80302532
R80303699,Phase 3 Block A 2,R80302532
R80303692,Phase 3 Block A 3,R80302532
R80303694,Phase 3 Block B,R80302532
R80303690,Phase 3 Block B 1,R80302532
R80303700,Phase 3 Block B 2,R80302532
R80303689,Phase 3 Block B 3,R80302532
R80303704,Phase 3 Block C,R80302532
R80303691,Phase 3 Block C 1,R80302532
R80303696,Phase 3 Block C 2,R80302532
R80303695,Phase 3 Block C 3,R80302532
R80303708,Phase 3 Block D,R80302532
R80303701,Phase 3 Block D 1,R80302532
R80303702,Phase 3 Block D 2,R80302532
R80303705,Phase 3 Block E,R80302532
R80303693,Phase 3 Block E 1,R80302532
R80303697,Phase 3 Block E 2,R80302532
R80303707,Phase 3 Block E 3,R80302532
R80303706,Phase 3 Block E 4,R80302532
R80303698,Phase 3 Block E 5,R80302532
R80303725,Block A,R80302543
R80303726,Block B,R80302543
R80303721,Block C,R80302543
R80303722,Block C 1,R80302543
R80303723,Block D,R80302543
R80306755,GOR 5,R80302543
R80303724,H.B.F.C Society,R80302543
R80304409,Anum Road,R80302770
R80304406,Asif Town,R80302770
R80304405,Attari Industial Area,R80302770
R80306767,Attari Saroba,R80302770
R80306761,Awan Market,R80302770
R80306770,Bank Stop,R80302770
R80306765,Chandrai Road,R80302770
R80306757,Chungi Amar Sidhu,R80302770
R80306762,Descon,R80302770
R80304407,Dhulu Khurd,R80302770
R80304403,Gajumata,R80302770
R80304408,General Hospital,R80302770
R80306763,Glaxo Town,R80302770
R80304412,Green Caps,R80302770
R80306764,Hamza Town,R80302770
R80306768,Ichrah,R80302770
R80306766,Kacha Jail Road,R80302770
R80304410,Nishtar Colony,R80302770
R80314527,Oqaf Colony,R80302770
R80304411,Qainchi,R80302770
R80314526,Qasori Road,R80302770
R80304401,Rohi Nala Industrial,R80302770
R80304413,Saroba Gardens,R80302770
R80304402,Sattelite Town,R80302770
R80304404,Shadab Colony,R80302770
R80306769,Shama Road,R80302770
R80306758,Sofia Abad,R80302770
R80306759,Supreme Villas,R80302770
R80306756,Venus Housing Scheme,R80302770
R80306760,Youhanabad,R80302770
R80306775,Abubakar Block,R80306771
R80306772,Ahmad Block,R80306771
R80306780,Aibak Block,R80306771
R80306773,Ali Block,R80306771
R80306779,Attaturk Block,R80306771
R80306782,Aurangzaib Block,R80306771
R80306785,Awami Complex,R80306771
R80306778,Babar Block,R80306771
R80306784,Barkat Market,R80306771
R80306783,Garden Block,R80306771
R80306776,Sher Shah Block,R80306771
R80306781,Tariq Block,R80306771
R80306777,Tipu Block,R80306771
R80306774,Usman Block,R80306771
R80306793,Bibi Pak Daman,R80306786
R80306794,Bogi Road,R80306786
R80306787,Durand Road,R80306786
R80306795,G.S 2,R80306786
R80306788,Gharhi Shahu Bazar,R80306786
R80306796,Habibullah Road,R80306786
R80306790,Karachi Phatak,R80306786
R80306789,Mayo Garden,R80306786
R80306791,Shalimar Road,R80306786
R80306792,Zaman Park,R80306786
R80304346,Sector D 1 Block 1,R80302753
R80304349,Sector D 1 Block 2,R80302753
R80304350,Sector D 1 Block 3,R80302753
R80304351,Sector D 1 Block 4,R80302753
R80304344,Sector D 1 Block 5,R80302753
R80304347,Sector D 2 Block 1,R80302753
R80304348,Sector D 2 Block 2,R80302753
R80304342,Sector D 2 Block 3,R80302753
R80305158,Sector D 2 Block 3 Nill,R80302753
R80304343,Sector D 2 Block 4,R80302753
R80304345,Sector D 2 Block 5,R80302753
R80305157,Sector D 2 Block 5 Nill,R80302753
R80306804,Cavalary Ground,R80302412
R80306803,Fatehabad,R80302412
R80306800,Gulbahar Colony,R80302412
R80303340,Gulberg 2 Block A,R80302412
R80303333,Gulberg 2 Block B,R80302412
R80303367,Gulberg 2 Block C,R80302412
R80303332,Gulberg 2 Block D,R80302412
R80303359,Gulberg 2 Block E,R80302412
R80303354,Gulberg 2 Block F,R80302412
R80303331,Gulberg 2 Block G,R80302412
R80303317,Gulberg 2 Block H,R80302412
R80303335,Gulberg 2 Block J,R80302412
R80303344,Gulberg 2 Block K,R80302412
R80303339,Gulberg 2 Block L,R80302412
R80303341,Gulberg 2 Block M,R80302412
R80303327,Gulberg 2 Block N,R80302412
R80303356,Gulberg 2 Block P,R80302412
R80303325,Gulberg 2 Block Q,R80302412
R80303364,Gulberg 2 Block R,R80302412
R80303365,Gulberg 2 Block S,R80302412
R80303318,Gulberg 2 Block T,R80302412
R80306805,Gulberg 2 Kashmir Road,R80302412
R80303353,Gulberg 3 Block A 1,R80302412
R80303349,Gulberg 3 Block A 2,R80302412
R80303363,Gulberg 3 Block A 3,R80302412
R80303371,Gulberg 3 Block B 1,R80302412
R80303326,Gulberg 3 Block B 2,R80302412
R80303342,Gulberg 3 Block B 3,R80302412
R80303321,Gulberg 3 Block C 1,R80302412
R80303328,Gulberg 3 Block C 2,R80302412
R80303323,Gulberg 3 Block C 3,R80302412
R80303348,Gulberg 3 Block D 1,R80302412
R80303337,Gulberg 3 Block D 2,R80302412
R80303329,Gulberg 3 Block D 3,R80302412
R80303324,Gulberg 3 Block E 1,R80302412
R80303315,Gulberg 3 Block E 2,R80302412
R80303370,Gulberg 3 Block E 3,R80302412
R80303369,Gulberg 3 Block G,R80302412
R80303319,Gulberg 3 Block H,R80302412
R80303343,Gulberg 3 Block J,R80302412
R80303358,Gulberg 3 Block K,R80302412
R80303350,Gulberg 3 Block L,R80302412
R80303360,Gulberg 3 Block M,R80302412
R80303362,Gulberg 3 Block N,R80302412
R80303316,Gulberg 3 Block P,R80302412
R80303352,Gulberg 3 Falcon Complex,R80302412
R80303366,Gulberg 3 Firdous Market,R80302412
R80306807,Gulberg 3 Gopal Nagar,R80302412
R80306806,Gulberg 3 GOR 6,R80302412
R80306808,Gulberg 3 Hafeez Centre,R80302412
R80303355,Gulberg 4 FCC,R80302412
R80303330,Gulberg 4 FCC Kachi Basti,R80302412
R80303345,Gulberg 4 Old FCC,R80302412
R80303357,Gulberg 5 Aziz Avenue,R80302412
R80303346,Gulberg 5 Bridge Colony,R80302412
R80303334,Gulberg 5 Bridge Line,R80302412
R80303320,Gulberg 5 Ghos-e-Azam Colony,R80302412
R80303351,Gulberg 5 Zafar Ali Road,R80302412
R80303368,Gulberg Guru Mangat Road,R80302412
R80306797,Hussainabad,R80302412
R80303336,Khan Colony,R80302412
R80306801,Madina Colony,R80302412
R80303347,Main Gullberg,R80302412
R80306799,Makkah Colony,R80302412
R80303322,Mini Market,R80302412
R80303361,M M Alam Road,R80302412
R80306798,Qasim Pura,R80302412
R80303338,St. Francis Colony,R80302412
R80306802,Sultan Park,R80302412
R80304352,Block A,R80302754
R80304353,Block B,R80302754
R80303513,Gulberg Gulshan Ravi Lahore,R80302462
R80306811,Gulshan Ravi Lahore,R80302462
R80306812,Nonariyan Chowk,R80302462
R80306809,Shalimar Colony,R80302462
R80306828,Amir Town,R80306813
R80306819,Canal Bank Housing Society,R80306813
R80306820,Canal Point Housing Society,R80306813
R80306821,Fatehgarh,R80306813
R80306816,Hajveri Scheme,R80306813
R80306815,Harbanspura,R80306813
R80306814,Lahore Press Club Housung Society,R80306813
R80306823,Maher Fayaz Colony,R80306813
R80306829,Moiz Town,R80306813
R80306822,Muslimabad,R80306813
R80306817,Nawab Pura,R80306813
R80306818,Pepsi Stop,R80306813
R80314529,Rehman Garden Phase 1,R80306813
R80306824,Sami Town,R80306813
R80306825,Taj Bagh Phase 1,R80306813
R80306826,Taj Bagh Phase 2,R80306813
R80306827,Taj Bagh Phase 3,R80306813
R80303507,Phase 1 Block A,R80302458
R80303508,Phase 2,R80302458
R80303509,Phase 2 Block B,R80302458
R80303502,Phase 3,R80302458
R80303503,Phase 3 Block A,R80302458
R80303504,Phase 3 Block B,R80302458
R80303505,Phase 3 Block C,R80302458
R80303506,Phase 3 Block D,R80302458
R80306834,Al Hamd Colony,R80302769
R80304395,Asif Block,R80302769
R80304381,Badar Block,R80302769
R80306830,Chanab Block,R80302769
R80304383,College Block,R80302769
R80304393,Gulshan Block,R80302769
R80304386,Huma Block,R80302769
R80304380,Hunza Block,R80302769
R80304396,Jahanzaib Block,R80302769
R80304385,Kamran Block,R80302769
R80304398,Kareem Block,R80302769
R80304400,Kashmir Block,R80302769
R80306831,Khyber Block,R80302769
R80304388,Mehran Block,R80302769
R80306833,Muslim Block,R80302769
R80306832,Najaf Colony,R80302769
R80304391,Nargis Block,R80302769
R80304392,Neelam Block,R80302769
R80304389,Neezam Block,R80302769
R80304384,Nishter Block,R80302769
R80304382,Pak Block,R80302769
R80304379,Rachna Block,R80302769
R80304394,Ravi Block,R80302769
R80304397,Raza Block,R80302769
R80304387,Satluj Iqbal,R80302769
R80304399,Sikandar Block,R80302769
R80304390,Umer Block,R80302769
R80304378,Zeenat Block,R80302769
R80304256,Block A,R80302731
R80304251,Block B,R80302731
R80304257,Block C,R80302731
R80304252,Block D,R80302731
R80304258,Block E,R80302731
R80304255,Block F,R80302731
R80304259,Block G,R80302731
R80304253,Block H,R80302731
R80304254,Block I,R80302731
R80304250,Block J,R80302731
R80306835,Block K,R80302731
R80306836,Block L,R80302731
R80306837,Block M,R80302731
R80306838,Block N,R80302731
R80306843,Apwa College,R80306839
R80306842,Bird Wood Road,R80306839
R80306845,Jail Road,R80306839
R80306840,Kinnaird College,R80306839
R80306844,Lahore Women College & University,R80306839
R80306846,Qartaba Chowk,R80306839
R80306841,Race Course,R80306839
R80306854,Al Raheem Gardens Phase 4,R80306847
R80306857,Canal Fort 2,R80306847
R80306848,Jallo Park,R80306847
R80306849,Jallo Pind,R80306847
R80306850,Lahore Medical Housing Society Phase 1,R80306847
R80306851,Lahore Medical Housing Society Phase 2,R80306847
R80306852,Lahore Medical Housing Society Phase 3,R80306847
R80306853,Rizwan Garden,R80306847
R80306856,Sky Land,R80306847
R80306855,Sozo Water Park,R80306847
R80306858,Umer Khan Road,R80306847
R80303214,Block A,R80302400
R80303200,Block A 1,R80302400
R80303205,Block A 2,R80302400
R80303217,Block A 3,R80302400
R80303215,Block B,R80302400
R80303228,Block B 1,R80302400
R80303203,Block B 2,R80302400
R80303198,Block B 3,R80302400
R80303241,Block C,R80302400
R80303229,Block C 1,R80302400
R80303237,Block C 2,R80302400
R80303231,Block D,R80302400
R80303221,Block D 1,R80302400
R80303236,Block D 2,R80302400
R80303238,Block E,R80302400
R80303201,Block E 1,R80302400
R80303218,Block E 2,R80302400
R80303219,Block F,R80302400
R80303208,Block F 1,R80302400
R80303199,Block F 2,R80302400
R80303202,Block G,R80302400
R80303223,Block G 1,R80302400
R80303230,Block G 2,R80302400
R80303225,Block G 3,R80302400
R80303210,Block G 4,R80302400
R80303232,Block G 5,R80302400
R80303209,Block H,R80302400
R80303212,Block H 1,R80302400
R80303207,Block H 2,R80302400
R80303240,Block H 3,R80302400
R80303204,Block J,R80302400
R80303233,Block J 1,R80302400
R80303224,Block J 2,R80302400
R80303213,Block J 3,R80302400
R80303235,Block K,R80302400
R80303216,Block L,R80302400
R80303239,Block M,R80302400
R80303222,Block N,R80302400
R80303227,Block P,R80302400
R80303211,Block Q,R80302400
R80303220,Block R,R80302400
R80303234,Block R 1,R80302400
R80303206,Block R 2,R80302400
R80303226,Block R 3,R80302400
R80315919,Samsani Khoi Road,R80302400
R80303885,Phase 1,R80302600
R80303886,Phase 2,R80302600
R80306859,Phase 3,R80302600
R80304188,Central Park,R80302705
R80304186,Kahna Nau,R80302705
R80304187,Kahna Old,R80302705
R80306860,Airline Society,R80302638
R80303966,Audit Accounts Society,R80302638
R80303967,AWT Phase 2,R80302638
R80303972,Bahria Orchard,R80302638
R80303970,Gulshan e Lahore,R80302638
R80303968,Khayban-e-Amin,R80302638
R80303969,Lake City,R80302638
R80306862,Nasheman-e-iqbal Phase 1,R80302638
R80306861,OPF Society,R80302638
R80303971,Shareef Medical Jati Umra,R80302638
R80303973,Tariq Gardens,R80302638
R80306863,Tariq Ismail Road,R80302638
R80303964,UET Society,R80302638
R80303965,Valencia Town,R80302638
R80315922,Akbar Shaheed Road,R80302493
R80303609,Dilkhushan,R80302493
R80303611,Kot Lakh Pat Indutrial Area,R80302493
R80303610,Kot Lakh Pat Staion Area,R80302493
R80303612,Liaqatabad,R80302493
R80303613,Modern Colony,R80302493
R80306864,Peco Road,R80302493
R80306866,China Chowk,R80306865
R80306868,Lahore Chamber of Commerece,R80306865
R80306867,Race Course View,R80306865
R80306877,Aitchison College,R80306869
R80306873,AlFalah Building,R80306869
R80306871,Beadon Road,R80306869
R80306876,GOR 1,R80306869
R80306870,Hall Road,R80306869
R80306878,Pakistan Stock Exchange,R80306869
R80306879,Punjab Assembly,R80306869
R80316182,Regal Chowk,R80306869
R80306874,Sadiq Plaza,R80306869
R80306875,Shahdin Manzil,R80306869
R80306872,Victoria park,R80306869
R80306883,Al Hafeez Housing Society,R80306880
R80306884,Bismillah Housing Society,R80306880
R80306882,Manawan Training Center,R80306880
R80306881,Yadgare Shuhada,R80306880
R8210214,Awan Town,R80306885
R80306886,Azam Garden,R80306885
R80306891,Hassan Town,R80306885
R80306887,Ittehad Town,R80306885
R80306888,Khayban-e-Quaid,R80306885
R80306892,Mansoorah,R80306885
R80306890,Marghzar Colony,R80306885
R80306889,Rana Town,R80306885
R80306903,Bilour Palace,R80306894
R80306899,Gawalmandi,R80306894
R80306900,King Edward Medical University,R80306894
R80306895,Lahore Hotel,R80306894
R80306896,Lakshmi Chowk,R80306894
R80306904,Mint Gumri Road,R80306894
R80306898,Mission road,R80306894
R80306902,Naz Theater,R80306894
R80306897,Nisbat Road,R80306894
R80306901,Patyala Ground,R80306894
R80303892,Block A,R80302603
R80303893,Block B,R80302603
R80303889,Block C,R80302603
R80303890,Block D,R80302603
R80303891,Block E,R80302603
R80304113,Block A,R80302683
R80304107,Block B,R80302683
R80304120,Block C,R80302683
R80304109,Block D,R80302683
R80304108,Block E,R80302683
R80304119,Block F,R80302683
R80304114,Block G,R80302683
R80304121,Block H,R80302683
R80304122,Block J,R80302683
R80304106,Block K,R80302683
R80304115,Block L,R80302683
R80304110,Block M,R80302683
R80304117,Block N,R80302683
R80304116,Block P,R80302683
R80304112,Block Q,R80302683
R80304118,Block R,R80302683
R80304111,Block S,R80302683
R80307714,Kosar Colony,R80302683
R80306905,Model Town Link Road,R80302683
R80306906,PGECHS,R80302683
R80306913,Abid Market,R80306907
R80306920,Begum Road,R80306907
R80306919,Fane Road,R80306907
R80306917,Fateh Sher Road,R80306907
R80306912,Lytton Road,R80306907
R80306914,Masson road,R80306907
R80306908,Mozang Chungi,R80306907
R80306918,Mozang Road,R80306907
R80306909,New Mozang,R80306907
R80306916,Panjh Peer Road,R80306907
R80306910,Queen Road,R80306907
R80306911,Temple Road,R80306907
R80306915,Waris Colony,R80306907
R80306934,Ayaz Town,R80306921
R80306931,Fatehgarh Road,R80306921
R80306932,Ghaziabad,R80306921
R80306929,Ghulshan Park,R80306921
R80306924,Gunj Bazar,R80306921
R80306926,Lahore Dry Port,R80306921
R80306928,Lalpul,R80306921
R80306927,Larex Colony 4,R80306921
R80306939,M.E.T 1,R80306921
R80306940,M.E.T 2,R80306921
R80306923,Madni Colony,R80306921
R80306937,Mughulpura,R80306921
R80306941,Mughulpura Canal Road,R80306921
R80306935,Nabi Pura,R80306921
R80306936,Naya Pull,R80306921
R80306925,Ram Gar Bazar,R80306921
R80316205,Sahowari Road,R80306921
R80306938,Shah Jahan Road,R80306921
R80316203,Shalamar Hospital,R80306921
R80306922,Shalimar Link Road,R80306921
R80306930,Sunny View Park,R80306921
R80306933,Taj Pura,R80306921
R80303191,Block A,R80302396
R80303192,Block B,R80302396
R80303188,Block C,R80302396
R80303189,Block D,R80302396
R80303190,Block E,R80302396
R80306942,Phase 1 Block C 1,R80302525
R80306943,Phase 1 Block C 2,R80302525
R80303674,Phase 1 Block D 1,R80302525
R80303671,Phase 1 Block D 2,R80302525
R80303677,Phase 1 Block E,R80302525
R80303672,Phase 2 Block A,R80302525
R80303670,Phase 2 Block B,R80302525
R80303673,Phase 2 Block C,R80302525
R80303676,Phase 2 Block D,R80302525
R80303678,Phase 3 Block A,R80302525
R80303675,Phase 3 Block B,R80302525
R80303457,Chanar Bagh,R80302437
R80303437,Guldasht Town,R80302437
R80303447,Haloki,R80302437
R80303453,New Super Town,R80302437
R80303460,Oqaf Colony,R80302437
R80303442,Qasori Road,R80302437
R80303450,Rehman Garden Phase 1,R80302437
R80303449,Rehman Garden Phase 2,R80302437
R80303451,Sadar Cantt,R80302437
R80303455,Sofia Abad,R80302437
R80303446,Supreme Villas,R80302437
R80303443,Tufail Road Lahore Cantt,R80302437
R80303921,Block A,R80302624
R80303922,Block B,R80302624
R80303923,Block C,R80302624
R80303924,Block D,R80302624
R80303394,Block A,R80302428
R80303395,Block B,R80302428
R80303396,Block BB,R80302428
R80303397,Block C,R80302428
R80303398,Block D,R80302428
R80303399,Block E,R80302428
R80303400,Block F,R80302428
R80303393,Pak Arab Society Vittal Homes,R80302428
R80304129,Block A,R80302690
R80304139,Block B,R80302690
R80304135,Block C,R80302690
R80304136,Block D,R80302690
R80304130,Block E,R80302690
R80304132,Phase 1,R80302690
R80304140,Phase 2 Block A,R80302690
R80304133,Phase 2 Block B,R80302690
R80304141,Phase 2 Block C,R80302690
R80304134,Phase 2 Block D,R80302690
R80304137,Phase 3 Block A,R80302690
R80304138,Phase 3 Block B,R80302690
R80304131,Phase 3 Block C,R80302690
R80314532,Phase 1 Block A 1,R80306946
R80314533,Phase 1 Block A 2,R80306946
R80314538,Phase 1 Block A 3,R80306946
R80314535,Phase 1 Block A 4,R80306946
R80314537,Phase 1 Block A 5,R80306946
R80314540,Phase 1 Block B 1,R80306946
R80314531,Phase 1 Block B 2,R80306946
R80314539,Phase 1 Block B 3,R80306946
R80314534,Phase 1 Block R,R80306946
R80314536,Phase 2 Block E,R80306946
R80306947,Revenue Society,R80306946
R80304207,Block A,R80302713
R80304206,Block A 1,R80302713
R80304208,Block B,R80302713
R80304201,Block B 1,R80302713
R80304202,Block C,R80302713
R80304203,Block D,R80302713
R80304204,Block E,R80302713
R80304205,Block F,R80302713
R80304332,Block A,R80302752
R80304333,Block B,R80302752
R80304340,Block C,R80302752
R80304337,Block D,R80302752
R80307702,Block E,R80302752
R80307703,Block F 1,R80302752
R80304334,Phase 1 Block A 1,R80302752
R80304338,Phase 1 Block A 2,R80302752
R80304336,Phase 1 Block A 3,R80302752
R80304323,Phase 1 Block A 4,R80302752
R80304331,Phase 1 Block A 5,R80302752
R80304339,Phase 1 Block B 1,R80302752
R80304326,Phase 1 Block B 2,R80302752
R80304341,Phase 1 Block B 3,R80302752
R80304325,Phase 1 Block C 2,R80302752
R80304335,Phase 1 Block R,R80302752
R80304330,Phase 2 Block A,R80302752
R80304327,Phase 2 Block B,R80302752
R80304328,Phase 2 Block C,R80302752
R80304324,Phase 2 Block D,R80302752
R80304329,Phase 2 Block E,R80302752
R80306949,Austrailia Masjid,R80306948
R80306951,Branth Road,R80306948
R80306950,Dalgiran Chowk,R80306948
R80306953,Haji Camp,R80306948
R80306954,Landa Bazar,R80306948
R80306952,Railway Road,R80306948
R80306956,Abdul Sattar Edhi Road,R80302438
R80303466,Airline Society,R80302438
R80303467,Ali Raza Abad Rawind Road,R80302438
R80303468,Ali Town,R80302438
R80303462,Architect Society,R80302438
R80307661,AWT Phase 2,R80302438
R80307662,Bahria Orchard,R80302438
R80306958,Bhoptian Chowk,R80302438
R80307676,Chanar Bagh,R80302438
R80303461,Dream Garden,R80302438
R80303463,Dubai Town,R80302438
R80307704,Eden Palace Villas,R80302438
R80306957,Green Fort,R80302438
R80314523,Lake City,R80302438
R80306955,Nawab Town,R80302438
R80303464,OPF Society,R80302438
R80306959,Shabbir Town,R80302438
R80307660,Shareef Medical Jati Umra,R80302438
R80303465,Sher Shah Colony,R80302438
R80315920,Sultan Town,R80302438
R80306960,Sundar Industrial Estate,R80302438
R80303846,Block A,R80302575
R80303847,Block B,R80302575
R80303848,Block C,R80302575
R80303849,Block D,R80302575
R80306962,Karim Park Ravi Road,R80306961
R80306966,Qasoori Road,R80306961
R80306963,Qila Muhammadi,R80306961
R80306968,Qilla Lakshman Singh,R80306961
R80306967,Ravi Park,R80306961
R80306964,Roti Plant,R80306961
R80306965,Timber Market,R80306961
R80303680,Block A,R80302527
R80303681,Block B,R80302527
R80303376,Mansoorah,R80302415
R80303377,Sabzazar,R80302415
R80306969,Said Pur,R80302415
R80306975,Deen Daran Ki Pulli,R80306970
R80306972,Eid Gha,R80306970
R80306973,Machinery Store,R80306970
R80306974,Momin Pura,R80306970
R80306976,Poppy Chargah House,R80306970
R80306977,Quaid-e-Azam Interchange,R80306970
R80306971,Salamat Pura,R80306970
R80306979,Shadi Pura,R80306970
R80306978,Sharif Pura,R80306970
R80306980,Wara Sattar,R80306970
R80306992,Arya Nagar,R80306981
R80306991,Bagh Gul Begum,R80306981
R80306987,Bastami Road,R80306981
R80306985,Islamabad Colony,R80306981
R80306990,Islamia Park,R80306981
R80306986,Ittehad Colony,R80306981
R80306988,Muslim Road,R80306981
R80306983,Nadeem Shaheed Road,R80306981
R80306984,Pakki Thatti,R80306981
R80306989,Poonch Road,R80306981
R80306982,Samnabad,R80306981
R80307669,Bara Sanda,R80302433
R80303424,Chaburji,R80302433
R80306997,Chohan Road,R80302433
R80303420,Chota Sanda,R80302433
R80303427,Dev Samajh Road,R80302433
R80303428,Govt.College University,R80302433
R80306995,Haider Road,R80302433
R80306996,Heran Road,R80302433
R80303421,Islampura,R80302433
R80307000,Krishan Nagar,R80302433
R80306993,MAO College,R80302433
R80306999,National Town,R80302433
R80303425,Outfall Road,R80302433
R80306998,Prem Nagar,R80302433
R80303429,Rajghar,R80302433
R80303422,Rewarz Garden,R80302433
R80303430,Rewaz Garden,R80302433
R80303423,Sanat Nagar,R80302433
R80307001,Sanda Road,R80302433
R80303426,Shamnagar,R80302433
R80306994,Umer Road,R80302433
R80307680,Amir Road,R80307677
R80307679,Baghat Pura,R80307677
R80307678,Bhogi Wall,R80307677
R80307694,Chahmiran,R80307677
R80307689,Chamra Mandi,R80307677
R80307695,China Scheme,R80307677
R80307681,Fazal Park 1,R80307677
R80307682,Fazal Park 2,R80307677
R80307686,Ghoray Shah,R80307677
R80307687,Goal Bagh,R80307677
R80307685,Gujjar Pura,R80307677
R80307684,Iqbal Road,R80307677
R80307688,Jani Pura,R80307677
R80307701,Kachupura,R80307677
R80307699,Kot Khawaja Saeed,R80307677
R80307700,Misri Shah,R80307677
R80307693,Nakhuda Chowk,R80307677
R80307691,Neelam Cinema,R80307677
R80307690,Sher Shah Road,R80307677
R80307696,Sultan Pura,R80307677
R80307683,Swami Nagar,R80307677
R80307692,Taj Pura,R80307677
R80307698,Tokay Wala Chowk,R80307677
R80316217,Umer Din Road,R80307677
R80307697,Wassan Pura,R80307677
R80307027,Shadman 1,R80307026
R80307028,Shadman 2,R80307026
R80307029,Shahjamal,R80307026
R80307007,Amir Road,R80302468
R80303544,Badami Bagh,R80302468
R80307020,Baghat Pura,R80302468
R80307010,Bhogi Wall,R80302468
R80307005,Chahmiran,R80302468
R80307002,Chamra Mandi,R80302468
R80307019,China Scheme,R80302468
R80307013,Fazal Park 1,R80302468
R80307014,Fazal Park 2,R80302468
R80307017,Ghoray Shah,R80302468
R80307009,Goal Bagh,R80302468
R80307018,Gujjar Pura,R80302468
R80307015,Iqbal Road,R80302468
R80307012,Jani Pura,R80302468
R80307004,Kachupura,R80302468
R80307011,Kot Khawaja Saeed,R80302468
R80307022,Misri Shah,R80302468
R80307003,Nakhuda Chowk,R80302468
R80307016,Neelam Cinema,R80302468
R80303545,Sadiqia Colony,R80302468
R80303546,Salamat Pura,R80302468
R80307006,Sher Shah Road,R80302468
R80307023,Sultan Pura,R80302468
R80307024,Swami Nagar,R80302468
R80307025,Taj Pura,R80302468
R80307008,Tokay Wala Chowk,R80302468
R80303547,Walled City Lahore,R80302468
R80307021,Wasan Pura,R80302468
R80304290,Begamkot Sharkpur Road,R80302743
R80304291,Imamia Colony,R80302743
R80307674,Kot Abdul Malik,R80302743
R80307672,Rehman Garden Phase 1,R80302743
R80307671,Rehman Garden Phase 2,R80302743
R80304289,Shahdra Town,R80302743
R80307032,Bijli Ghar,R80307030
R80307036,Dhobi Ghat,R80307030
R80307035,Ideal Homes,R80307030
R80307038,Kotli Peer Abdul Rehman,R80307030
R80307040,Noha Wala Chowk,R80307030
R80307034,Pakistan Mint,R80307030
R80307033,Rang Wala Karkhana,R80307030
R80307039,Rasheed Pura,R80307030
R80307037,Shalimar Town,R80307030
R80307031,Sukh Naher,R80307030
R80307042,Aitchison Society,R80307041
R80307043,Expo Avenue,R80307041
R80307044,Rehman Society,R80307041
R80307047,Begum Pura,R80307045
R80307048,Singh Pura,R80307045
R80307046,UET Lahore Campus,R80307045
R80307049,Wheatman Road,R80307045
R80304358,Colony 1,R80302759
R80304359,Colony 2,R80302759
R80303906,Block A,R80302610
R80303900,Block B,R80302610
R80303901,Block C,R80302610
R80303902,Block D,R80302610
R80303903,Block E,R80302610
R80303904,Block F,R80302610
R80303905,Block G,R80302610
R80307059,Alpha Society,R80302633
R80307060,Canal View,R80302633
R80303955,DHA Rehber Phase 11,R80302633
R80307051,Doctors Society,R80302633
R80307050,Eden Canal Villas,R80302633
R80307056,Green Fort 2,R80302633
R80307064,Gul Bahar Colony,R80302633
R80307062,Hanjarwal Road,R80302633
R80307052,Jubilee Town,R80302633
R80303956,New Shaheen Block Bahria,R80302633
R80303957,P&D Apara Housing Society,R80302633
R80307057,Pine Villas,R80302633
R80307055,Rail Town,R80302633
R80307061,Samsani Road,R80302633
R80307053,Shahkam Chowk,R80302633
R80303958,Sultan Town,R80302633
R80307058,Tech Society,R80302633
R80307063,Tricon Village,R80302633
R80307054,University of Lahore,R80302633
R80303959,Westwood Colony,R80302633
R80307068,Avanceon Building,R80307065
R80314528,Loharan Wala Kho,R80307065
R80307067,Orient Factory,R80307065
R80307069,Park View Villas,R80307065
R80307066,Shah Pur Kanjra,R80307065
R80307070,Mochi Pura,R80302763
R80307071,PGECHS,R80302763
R80304363,Sector A 1,R80302763
R80304364,Sector A 2,R80302763
R80304365,Sector B 1,R80302763
R80304366,Sector B 2,R80302763
R80304367,Sector C 1,R80302763
R80304368,Sector C 2,R80302763
R80303501,Block A,R80302457
R80303498,Block B,R80302457
R80303499,Block C,R80302457
R80303500,Block D,R80302457
R80307076,Anand Road,R80307072
R80307078,Basti Saidan Shah,R80307072
R80307077,Rana Tanveer Road,R80307072
R80316214,Sikander Road,R80307072
R80307073,Upper Mall,R80307072
R80307074,Upper Mall Scotch Corner,R80307072
R80307075,Wazir Ali Road,R80307072
R80307081,Audit Accounts Society,R80307079
R80307082,Nasheman-e-iqbal Phase 2,R80307079
R80307080,Naz Town,R80307079
R80307083,UET Society,R80307079
R80307084,Valencia Town,R80307079
R80307094,Clifton Colony,R80307085
R80307096,Education Town,R80307085
R80307088,Faiz Road,R80307085
R80307095,Mustafa Town,R80307085
R80307097,Naqsha Stop,R80307085
R80307090,New Muslim Town,R80307085
R80307091,Noon Avenue,R80307085
R80307089,Old Muslim Town,R80307085
R80307093,Punjab University New Campus,R80307085
R80307087,Rehman Pura,R80307085
R80307092,Sheikh Zaid Hospital,R80307085
R80307086,Wahdat Colony,R80307085
R80307107,Akbari Gate,R80307098
R80307115,Azam Cloth Market,R80307098
R80307100,Bhati Gate,R80307098
R80307116,Chona Mandi,R80307098
R80307108,Dehli Gate,R80307098
R80307111,Kashmiri Gate,R80307098
R80307102,Lohari Gate,R80307098
R80307112,Masti Gate,R80307098
R80307106,Mochi Gate,R80307098
R80307101,Mori Gate,R80307098
R80307113,Moti Bazar,R80307098
R80307117,Nolakha Bazar,R80307098
R80307105,Pani Wala Talab,R80307098
R80307104,Rang Mahal,R80307098
R80307114,Sarafa Bazar,R80307098
R80307103,Shah Alam Market,R80307098
R80307110,Sheran Wala Gate,R80307098
R80307099,Taxali Gate,R80307098
R80307109,Yakki Gate,R80307098
R80307119,Walton Road,R80307118
R80307120,NFC Housing Society,R80302454
R80303495,Phase 1,R80302454
R80303494,Phase 2,R80302454
R80307127,60 Feet Road,R80307121
R80307122,Chappar Stop,R80307121
R80307123,Dholanwal,R80307121
R80307131,Jafria Colony,R80307121
R80307129,Khuda Baksh Road,R80307121
R80307124,Kot Kamboh,R80307121
R80307126,Niazi Adda,R80307121
R80307130,Shera Kot,R80307121
R80307125,Shezan Factory,R80307121
R80307128,Sodiwal,R80307121
R80307135,Al Faisal Town,R80302447
R80307133,Bahar Shah Road,R80302447
R80307134,Dogaitch Town,R80302447
R80307136,Guldasht Town,R80302447
R80307132,Jory Pull Harbanspura Road,R80302447
R80303479,P.A.F New Officer Coloney,R80302447
R80303480,P.A.F Old Officer Coloney,R80302447
